{
    "display_id": 1157,
    "title": "C\u8bed\u8a00\u7a0b\u5e8f\u8bbe\u8ba1\u6559\u7a0b\uff08\u7b2c\u4e09\u7248\uff09\u8bfe\u540e\u4e60\u98988.6",
    "description": {
        "format": "html",
        "value": "\u5199\u4e00\u51fd\u6570concat\uff0c\u5c06\u4e24\u4e2a\u5b57\u7b26\u4e32\u8fde\u63a5"
    },
    "tags": [
        "FATE_YO"
    ],
    "input_description": {
        "format": "html",
        "value": "\u4e24\u884c\u5b57\u7b26\u4e32"
    },
    "output_description": {
        "format": "html",
        "value": "\u8fde\u63a5\u540e\u7684\u5b57\u7b26\u4e32"
    },
    "test_case_score": [
        {
            "score": 100,
            "input_name": "1.in",
            "output_name": "1.out"
        }
    ],
    "hint": {
        "format": "html",
        "value": ""
    },
    "time_limit": 1000,
    "memory_limit": 256,
    "samples": [
        {
            "input": "123\nabc",
            "output": "123abc"
        }
    ],
    "template": {},
    "spj": null,
    "rule_type": "ACM",
    "source": "FATE_YO",
    "answers": []
}