{
    "display_id": 1078,
    "title": "\u8054\u63a5\u6700\u5927\u6570",
    "description": {
        "format": "html",
        "value": "\u8bbe\u6709n\u4e2a\u6b63\u6574\u6570\uff08n\u226420\uff09\uff0c\u5c06\u5b83\u4eec\u8054\u63a5\u6210\u4e00\u6392\uff0c\u7ec4\u6210\u4e00\u4e2a\u6700\u5927\u7684\u591a\u4f4d\u6574\u6570\u3002<br />\n\u4f8b\u5982\uff1an=3\u65f6\uff0c3\u4e2a\u6574\u657013\uff0c312\uff0c343\u8054\u63a5\u6210\u7684\u6700\u5927\u6574\u6570\u4e3a\uff1a34331213<br />\n\u53c8\u5982\uff1an=4\u65f6\uff0c4\u4e2a\u6574\u65707\uff0c13\uff0c4\uff0c246\u8054\u63a5\u6210\u7684\u6700\u5927\u6574\u6570\u4e3a\uff1a7424613<br />\n<br />"
    },
    "tags": [
        "FATE_YO"
    ],
    "input_description": {
        "format": "html",
        "value": "<p>\n\t\u6bcf\u4e2a\u6d4b\u8bd5\u6587\u4ef6\u53ea\u5305\u542b\u4e00\u7ec4\u6d4b\u8bd5\u6570\u636e\uff0c\u6bcf\u7ec4\u8f93\u5165\u6570\u636e\u7684\u7b2c\u4e00\u884c\u8f93\u5165\u4e00\u4e2a\u6b63\u6574\u6570n\uff08<span>n\u226420</span>\uff09\u3002\n</p>\n<p>\n\t\u63a5\u4e0b\u6765\u4e00\u884c\u8f93\u5165n\u4e2a\u6b63\u6574\u6570\u3002\n</p>\n<p>\n\t<br />\n</p>"
    },
    "output_description": {
        "format": "html",
        "value": "<p>\n\t\u5bf9\u4e8e\u6bcf\u7ec4\u8f93\u5165\u6570\u636e\uff0c\u8f93\u51fan\u4e2a\u6b63\u6574\u6570\u8054\u63a5\u6210\u7684\u6700\u5927\u7684<span>\u591a\u4f4d\u6574\u6570\u3002</span> \n</p>\n<p>\n\t<span><br />\n</span> \n</p>"
    },
    "test_case_score": [
        {
            "score": 100,
            "input_name": "1.in",
            "output_name": "1.out"
        }
    ],
    "hint": {
        "format": "html",
        "value": ""
    },
    "time_limit": 1000,
    "memory_limit": 256,
    "samples": [
        {
            "input": "3\n13 312 343",
            "output": "34331213"
        }
    ],
    "template": {},
    "spj": null,
    "rule_type": "ACM",
    "source": "FATE_YO",
    "answers": []
}