{
    "display_id": 1144,
    "title": "\u6700\u4f18\u4e58\u8f66",
    "description": {
        "format": "html",
        "value": "H\u57ce\u662f\u4e00\u4e2a\u65c5\u6e38\u80dc\u5730\uff0c\u6bcf\u5e74\u90fd\u6709\u6210\u5343\u4e0a\u4e07\u7684\u4eba\u524d\u6765\u89c2\u5149\u3002\u4e3a\u65b9\u4fbf\u6e38\u5ba2\uff0c\u5df4\u58eb\u516c\u53f8\u5728\u5404\u4e2a\u65c5\u6e38\u666f\u70b9\u53ca\u5bbe\u9986\uff0c\u996d\u5e97\u7b49\u5730\u90fd\u8bbe\u7f6e\u4e86\u5df4\u58eb\u7ad9\u5e76\u5f00\u901a\u4e86\u4e00\u4e9b\u5355\u7a0b\u5df4\u4e0a\u7ebf\u8def\u3002\u6bcf\u6761\u5355\u7a0b\u5df4\u58eb\u7ebf\u8def\u4ece\u67d0\u4e2a\u5df4\u58eb\u7ad9\u51fa\u53d1\uff0c\u4f9d\u6b21\u9014\u7ecf\u82e5\u5e72\u4e2a\u5df4\u58eb\u7ad9\uff0c\u6700\u7ec8\u5230\u8fbe\u7ec8\u70b9\u5df4\u58eb\u7ad9\u3002<br />\n&nbsp; &nbsp; \u4e00\u540d\u65c5\u5ba2\u6700\u8fd1\u5230H\u57ce\u65c5\u6e38\uff0c\u4ed6\u5f88\u60f3\u53bbS\u516c\u56ed\u6e38\u73a9\uff0c\u4f46\u5982\u679c\u4ece\u4ed6\u6240\u5728\u7684\u996d\u5e97\u6ca1\u6709\u4e00\u8def\u5df4\u58eb\u53ef\u4ee5\u76f4\u63a5\u5230\u8fbeS\u516c\u56ed\uff0c\u5219\u4ed6\u53ef\u80fd\u8981\u5148\u4e58\u67d0\u4e00\u8def\u5df4\u58eb\u5750\u51e0\u7ad9\uff0c\u518d\u4e0b\u6765\u6362\u4e58\u540c\u4e00\u7ad9\u53f0\u7684\u53e6\u4e00\u8def\u5df4\u58eb, \u8fd9\u6837\u6362\u4e58\u51e0\u6b21\u540e\u5230\u8fbeS\u516c\u56ed\u3002<br />\n&nbsp; &nbsp; \u73b0\u5728\u7528\u6574\u65701,2,\u2026N \u7ed9H\u57ce\u7684\u6240\u6709\u7684\u5df4\u58eb\u7ad9\u7f16\u53f7\uff0c\u7ea6\u5b9a\u8fd9\u540d\u65c5\u5ba2\u6240\u5728\u996d\u5e97\u7684\u5df4\u58eb\u7ad9\u7f16\u53f7\u4e3a1\uff0cS\u516c\u56ed\u5df4\u58eb\u7ad9\u7684\u7f16\u53f7\u4e3aN\u3002<br />\n&nbsp; &nbsp; \u5199\u4e00\u4e2a\u7a0b\u5e8f\uff0c\u5e2e\u52a9\u8fd9\u540d\u65c5\u5ba2\u5bfb\u627e\u4e00\u4e2a\u6700\u4f18\u4e58\u8f66\u65b9\u6848,\u4f7f\u4ed6\u5728\u4ece\u996d\u5e97\u4e58\u8f66\u5230S\u516c\u56ed\u7684\u8fc7\u7a0b<br />\n\u4e2d\u6362\u8f66\u7684\u6b21\u6570\u6700\u5c11\u3002<br />\n<div>\n\t<br />\n</div>"
    },
    "tags": [
        "FATE_YO"
    ],
    "input_description": {
        "format": "html",
        "value": "\u8f93\u5165\u6587\u4ef6\u662fTravel.in\u3002\u6587\u4ef6\u7684\u7b2c\u4e00\u884c\u6709\u4e24\u4e2a\u6570\u5b57M\u548cN(1&lt;=M&lt;=100 1&lt;N&lt;=500\uff09\uff0c\u8868\u793a\u5f00\u901a\u4e86M\u6761\u5355\u7a0b\u5df4\u58eb\u7ebf\u8def\uff0c\u603b\u5171\u6709N\u4e2a\u8f66\u7ad9\u3002\u4ece\u7b2c\u4e8c\u884c\u5230\u7b2cM\u520a\u884c\u4f9d\u6b21\u7ed9\u51fa\u4e86\u7b2c1\u6761\u5230\u7b2cM\u6761\u5df4\u58eb\u7ebf\u8def\u7684\u4fe1\u606f\u3002\u5176\u4e2d\u7b2ci+1\u884c\u7ed9\u51fa\u7684\u662f\u7b2ci\u6761\u5df4\u58eb\u7ebf\u8def\u7684\u4fe1\u606f\uff0c\u4ece\u5de6\u81f3\u53f3\u6309\u8fd0\u884c\u987a\u5e8f\u4f9d\u6b21\u7ed9\u51fa\u4e86\u8be5\u7ebf\u8def\u4e0a\u7684\u6240\u6709\u7ad9\u53f7\u76f8\u90bb\u4e24\u4e2a\u7ad9\u53f7\u4e4b\u95f4\u7528\u4e00\u4e2a\u7a7a\u683c\u9694\u5f00\u3002<br />\n<div>\n\t<br />\n</div>"
    },
    "output_description": {
        "format": "html",
        "value": "&nbsp;\u8f93\u51fa\u6587\u4ef6\u662fTravel.out\uff0c\u6587\u4ef6\u53ea\u6709\u4e00\u884c\u3002\u5982\u679c\u65e0\u6cd5\u4e58\u5df4\u58eb\u4ece\u996d\u5e97\u5230\u8fbeS\u516c\u56ed\uff0c\u5219\u8f93\u51fa\"N0\"\uff0c\u5426\u5219\u8f93\u51fa\u4f60\u7684\u7a0b\u5e8f\u6240\u627e\u5230\u7684\u6700\u5c11\u6362\u8f66\u6b21\u6570\uff0c\u6362\u8f66\u6b21\u6570\u4e3a0\u8868\u793a\u4e0d\u9700\u6362\u8f66\u5373\u53ef\u5230\u8fbe\u3002<br />\n<div>\n\t<br />\n</div>"
    },
    "test_case_score": [
        {
            "score": 100,
            "input_name": "1.in",
            "output_name": "1.out"
        }
    ],
    "hint": {
        "format": "html",
        "value": "<span>\u4e0a\u4f20\u8005\uff1a\u5415\u7ea2\u6ce2</span>"
    },
    "time_limit": 1000,
    "memory_limit": 256,
    "samples": [
        {
            "input": "3 7\n6 7\n4 7 3 6\n2 1 3 5",
            "output": "2"
        }
    ],
    "template": {},
    "spj": null,
    "rule_type": "ACM",
    "source": "FATE_YO",
    "answers": []
}