{
    "display_id": 1163,
    "title": "C\u8bed\u8a004.6",
    "description": {
        "format": "html",
        "value": "<p>\n\t\u8bbex\u548cy\u662f\u5355\u7cbe\u5ea6\u6d6e\u70b9\u7c7b\u578b\uff08float\uff09\uff0c\u5176\u4e2dx=111111.111\uff0cy=222222.222\uff0c\u8f93\u51fax\u548cy\u7684\u548c\u3002\n</p>"
    },
    "tags": [
        "FATE_YO"
    ],
    "input_description": {
        "format": "html",
        "value": "<p>\n\t\u65e0\n</p>"
    },
    "output_description": {
        "format": "html",
        "value": "<p>\n\t\u53ea\u6709\u4e00\u884c\uff0cx\u548cy\u7684\u548c\u7684%f\u683c\u5f0f\u3002<br />\n\u8bf7\u6ce8\u610f\u884c\u5c3e\u8f93\u51fa\u6362\u884c\u3002\n</p>"
    },
    "test_case_score": [
        {
            "score": 100,
            "input_name": "1.in",
            "output_name": "1.out"
        }
    ],
    "hint": {
        "format": "html",
        "value": ""
    },
    "time_limit": 1000,
    "memory_limit": 256,
    "samples": [
        {
            "input": "\u65e0",
            "output": "333333.328125"
        }
    ],
    "template": {},
    "spj": null,
    "rule_type": "ACM",
    "source": "FATE_YO",
    "answers": []
}