{
    "display_id": 1122,
    "title": "\u4e60\u98984-9-2 \u6c42\u6b63\u6574\u6570\u5404\u4f4d\u4e0a\u7684\u6570\u5b57",
    "description": {
        "format": "html",
        "value": "<p>\n\t\u8f93\u5165\u4e00\u4e2a\u4e0d\u591a\u4e8e5\u4f4d\u7684\u6b63\u6574\u6570\uff0c\u6309\u9ad8\u4f4d\u5230\u4f4e\u4f4d\u7684\u987a\u5e8f\u8f93\u51fa\u5404\u4f4d\u4e0a\u7684\u6570\u5b57\uff0c\u672b\u5c3e\u6362\u884c\u3002\n</p>\n<p>\n\t\u6ce8\u610f\uff1a\u786e\u4fdd\u8f93\u5165\u7684\u6b63\u6574\u6570\u7684\u4f4d\u6570\u4e0d\u591a\u4e8e5\u3002\n</p>"
    },
    "tags": [
        "FATE_YO"
    ],
    "input_description": {
        "format": "html",
        "value": "\u4e00\u4e2a\u4e0d\u591a\u4e8e5\u4f4d\u7684\u6b63\u6574\u6570"
    },
    "output_description": {
        "format": "html",
        "value": "<p>\n\t\u4ece\u9ad8\u4f4d\u5230\u4f4e\u4f4d\u4f9d\u6b21\u8f93\u51fa\u5404\u4f4d\u4e0a\u7684\u6570\u5b57\uff0c\u4e2d\u95f4\u4ee5\u7a7a\u683c\u5206\u9694\u7684\u3002\n</p>\n<p>\n\t\u6ce8\u610f\u672b\u5c3e\u7684\u6362\u884c\u3002\n</p>"
    },
    "test_case_score": [
        {
            "score": 100,
            "input_name": "1.in",
            "output_name": "1.out"
        }
    ],
    "hint": {
        "format": "html",
        "value": ""
    },
    "time_limit": 1000,
    "memory_limit": 256,
    "samples": [
        {
            "input": "2143",
            "output": "2 1 4 3"
        }
    ],
    "template": {},
    "spj": null,
    "rule_type": "ACM",
    "source": "FATE_YO",
    "answers": []
}