{
    "display_id": 1182,
    "title": "C\u8bed\u8a00-\u6c34\u4ed9\u82b1\u6570",
    "description": {
        "format": "html",
        "value": "<p>\u6253\u5370\u51fa\u6240\u6709&quot;\u6c34\u4ed9\u82b1\u6570&quot;\uff0c\u6240\u8c13&quot;\u6c34\u4ed9\u82b1\u6570&quot;\u662f\u6307\u4e00\u4e2a\u4e09\u4f4d\u6570\uff0c\u5176\u5404\u4f4d\u6570\u5b57\u7acb\u65b9\u548c\u7b49\u4e8e\u8be5\u672c\u8eab\u3002 \u4f8b\u5982\uff1a153\u662f\u4e00\u4e2a\u6c34\u4ed9\u82b1\u6570\uff0c\u56e0\u4e3a153=1^3+5^3+3^3\u3002 Output:</p>\n<pre>\n153\n???\n???\n??? </pre>"
    },
    "tags": [
        "FATE_YO"
    ],
    "input_description": {
        "format": "html",
        "value": "<p>\u65e0</p>"
    },
    "output_description": {
        "format": "html",
        "value": "<p>\u6240\u6709\u7684\u6c34\u4ed9\u82b1\u6570\uff0c\u4ece\u5c0f\u7684\u5f00\u59cb\u3002 \u6bcf\u884c\u4e00\u4e2a</p>"
    },
    "test_case_score": [
        {
            "score": 100,
            "input_name": "1.in",
            "output_name": "1.out"
        }
    ],
    "hint": {
        "format": "html",
        "value": ""
    },
    "time_limit": 1000,
    "memory_limit": 256,
    "samples": [
        {
            "input": "\u65e0",
            "output": "\u65e0"
        }
    ],
    "template": {},
    "spj": null,
    "rule_type": "ACM",
    "source": "FATE_YO",
    "answers": []
}