{
    "display_id": 1110,
    "title": "[\u8bed\u8a00\u8fc7\u5173]\u725b\u68da\u56de\u58f0",
    "description": {
        "format": "html",
        "value": "<p class=\"MsoNormal\" style=\"font-family:'Microsoft Yahei';font-size:14px;background-color:#F5F5F5;text-indent:24pt;\">\n\t<span style=\"font-size:12pt;font-family:\u5b8b\u4f53;\">\u5976\u725b\u4eec\u7070\u5e38\u4eab\u53d7\u5728\u725b\u680f\u4e2d\u725f\u53eb\uff0c\u56e0\u70ba\u5979\u4eec\u53ef\u4ee5\u542c\u5230\u5979\u4eec\u725f\u58f0\u7684\u56de\u97f3\u3002\u867d\u7136\u6709\u65f6\u5019\u5e76\u4e0d\u80fd\u5b8c\u5168\u542c\u5230\u5b8c\u6574\u7684\u56de\u97f3\u3002<span>Bessie</span>\u66fe\u7ecf\u662f\u4e00\u4e2a\u51fa\u8272\u7684\u79d8\u4e66\uff0c\u6240\u4ee5\u5979\u7cbe\u786e\u5730\u7eaa\u5f55\u4e86\u6240\u6709\u7684\u725f\u53eb\u58f0\u53ca\u5176\u56de\u58f0\u3002\u5979\u5f88\u597d\u5947\u5230\u5e95\u4e24\u4e2a\u58f0\u97f3\u7684\u91cd\u590d\u90e8\u4efd\u6709\u591a\u957f\u3002<span></span></span>\n</p>\n<p class=\"MsoNormal\" style=\"font-family:'Microsoft Yahei';font-size:14px;background-color:#F5F5F5;text-indent:24pt;\">\n\t<span style=\"font-size:12pt;font-family:\u5b8b\u4f53;\">\u8f93\u5165\u4e24\u4e2a\u5b57\u7b26\u4e32\uff08\u957f\u5ea6\u70ba<span>1</span>\u5230<span>80</span>\u4e2a\u5b57\u6bcd\uff09\uff0c\u8868\u793a\u4e24\u4e2a\u725f\u53eb\u58f0\u3002\u4f60\u8981\u786e\u5b9a\u6700\u957f\u7684\u91cd\u590d\u90e8\u4efd\u7684\u957f\u5ea6\u3002\u4e24\u4e2a\u5b57\u7b26\u4e32\u7684\u91cd\u590d\u90e8\u4efd\u6307\u7684\u662f\u540c\u65f6\u662f\u4e00\u4e2a\u5b57\u7b26\u4e32\u7684\u524d\u7f00\uff08\u4ece\u7b2c\u4e00\u4e2a\u5b57\u7b26\u5f00\u59cb\u7684\u8fde\u7eed\u5b57\u7b26\u4e32\uff09\u548c\u53e6\u4e00\u4e2a\u5b57\u7b26\u4e32\u7684\u540e\u7f00\uff08\u4ece\u6700\u540e\u4e00\u4e2a\u5b57\u7b26\u5f00\u59cb\u7684\u8fde\u7eed\u5b57\u7b26\u4e32\uff09\u7684\u5b57\u7b26\u4e32\u3002</span><span style=\"font-family:\u5b8b\u4f53;font-size:12pt;\">&nbsp;</span>\n</p>\n<p class=\"MsoNormal\" style=\"font-family:'Microsoft Yahei';font-size:14px;background-color:#F5F5F5;text-indent:24pt;\">\n\t<span style=\"font-size:12pt;font-family:\u5b8b\u4f53;\">\u6211\u4eec\u901a\u8fc7\u4e00\u4e2a\u4f8b\u5b50\u6765\u7406\u89e3\u9898\u76ee\u3002\u8003\u8651\u4e0b\u9762\u7684\u4e24\u4e2a\u725f\u58f0\uff1a</span><span style=\"font-family:\u5b8b\u4f53;font-size:12pt;\">&nbsp;</span>\n</p>\n<p class=\"MsoNormal\" style=\"font-family:'Microsoft Yahei';font-size:14px;background-color:#F5F5F5;text-indent:24pt;\">\n\t<span style=\"font-size:12pt;font-family:\u5b8b\u4f53;\">&nbsp;&nbsp;&nbsp;&nbsp;&nbsp;moyooyoxyzooo</span>\n</p>\n<p class=\"MsoNormal\" style=\"font-family:'Microsoft Yahei';font-size:14px;background-color:#F5F5F5;text-indent:24pt;\">\n\t<span style=\"font-size:12pt;font-family:\u5b8b\u4f53;\">&nbsp;&nbsp;&nbsp;&nbsp;&nbsp;yzoooqyasdfljkamo</span><span style=\"font-family:\u5b8b\u4f53;font-size:12pt;\">&nbsp;</span>\n</p>\n<p style=\"font-family:'Microsoft Yahei';font-size:14px;background-color:#F5F5F5;\">\n\t<span style=\"font-size:12pt;font-family:\u5b8b\u4f53;\">\u7b2c\u4e00\u4e2a\u4e32\u7684\u6700\u540e\u7684\u90e8\u4efd<span>\"yzooo\"</span>\u8ddf\u7b2c\u4e8c\u4e2a\u4e32\u7684\u7b2c\u4e00\u90e8\u4efd\u91cd\u590d\u3002\u7b2c\u4e8c\u4e2a\u4e32\u7684\u6700\u540e\u7684\u4efd<span>\"mo\"</span>\u8ddf\u7b2c\u4e00\u4e2a\u4e32\u7684\u7b2c\u4e00\u90e8\u4efd\u91cd\u590d\u3002\u6240\u4ee5<span>\"yzooo\"</span>\u8ddf<span>\"mo\"</span>\u90fd\u662f\u8fd9<span>2</span>\u4e2a\u4e32\u7684\u91cd\u590d\u90e8\u4efd\u3002\u5176\u4e2d\uff0c<span>\"yzooo\"</span>\u6bd4\u8f83\u957f\uff0c\u6240\u4ee5\u6700\u957f\u7684\u91cd\u590d\u90e8\u4efd\u7684\u957f\u5ea6\u5c31\u662f<span>5</span>\u3002</span>\n</p>\n<h3 style=\"font-family:'Microsoft Yahei';background-color:#F5F5F5;\">\n\t\u8f93\u5165\u683c\u5f0f\n</h3>\n<p style=\"font-family:'Microsoft Yahei';font-size:14px;background-color:#F5F5F5;\">\n\t<span style=\"font-size:12pt;font-family:\u5b8b\u4f53;\">\u8f93\u5165\u53ea\u6709\u5171\u4e24\u884c\uff0c\u7b2c\u4e00\u884c\u4e3a\u5976\u725b\u7684\u725f\u53eb\uff0c\u7b2c\u4e8c\u884c\u4e3a\u5976\u725b\u725f\u53eb\u7684\u56de\u58f0</span>\n</p>\n<h3 style=\"font-family:'Microsoft Yahei';background-color:#F5F5F5;\">\n\t\u8f93\u51fa\n</h3>\n<p style=\"font-family:'Microsoft Yahei';font-size:14px;background-color:#F5F5F5;\">\n\t<span style=\"font-size:12pt;font-family:\u5b8b\u4f53;\">\u8f93\u51fa\u4e3a\u4e00\u884c\uff0c\u5305\u542b\u4e00\u4e2a\u5355\u72ec\u7684\u6574\u6570\u8868\u793a\u8f93\u5165\u7684<span>2</span>\u4e2a\u5b57\u7b26\u4e32\u4e2d\uff0c\u4e00\u4e2a\u5b57\u7b26\u4e32\u7684\u524d\u7f00\u548c\u53e6\u4e00\u4e2a\u5b57\u7b26\u4e32\u7684\u540e\u7f00\u7684\u6700\u957f\u7684\u91cd\u590d\u90e8\u4efd\u7684\u957f\u5ea6\u3002</span>\n</p>\n<h3 style=\"font-family:'Microsoft Yahei';background-color:#F5F5F5;\">\n\t\u6837\u4f8b\u8f93\u5165\n</h3>\n<p style=\"font-family:'Microsoft Yahei';font-size:14px;background-color:#F5F5F5;\">\n\t<span style=\"font-family:'Lucida Console';\">abcxxxxabcxabcd<br />\nabcdxabcxxxxabcx<br />\n</span>\n</p>\n<h3 style=\"font-family:'Microsoft Yahei';background-color:#F5F5F5;\">\n\t\u6837\u4f8b\u8f93\u51fa\n</h3>\n<p style=\"font-family:'Microsoft Yahei';font-size:14px;background-color:#F5F5F5;\">\n\t<span style=\"font-family:'Lucida Console';\">11</span>\n</p>"
    },
    "tags": [
        "FATE_YO"
    ],
    "input_description": {
        "format": "html",
        "value": "\u65e0"
    },
    "output_description": {
        "format": "html",
        "value": "\u65e0"
    },
    "test_case_score": [
        {
            "score": 100,
            "input_name": "1.in",
            "output_name": "1.out"
        }
    ],
    "hint": {
        "format": "html",
        "value": ""
    },
    "time_limit": 1000,
    "memory_limit": 256,
    "samples": [
        {
            "input": "\u65e0",
            "output": "\u65e0"
        }
    ],
    "template": {},
    "spj": null,
    "rule_type": "ACM",
    "source": "FATE_YO",
    "answers": []
}