{
    "display_id": 1060,
    "title": "[\u6570\u503c\u95ee\u9898]\u9ad8\u7cbe\u5ea6\u9664\u4ee5\u4f4e\u7cbe\u5ea6",
    "description": {
        "format": "html",
        "value": "<div style=\"padding:0px;margin:0px;font-family:'Microsoft Yahei';font-size:14px;background-color:#F5F5F5;text-align:center;\">\n\t<span><strong><span style=\"font-size:16px;\">\u9ad8\u7cbe\u5ea6\u9664\u4ee5\u4f4e\u7cbe\u5ea6</span></strong><strong><span style=\"font-size:16px;\">\uff08lowdiv/c/cpp\uff09</span></strong>&nbsp;</span> \n</div>\n<p style=\"font-family:'Microsoft Yahei';font-size:14px;background-color:#F5F5F5;\">\n\t<span>\u3010\u95ee\u9898\u63cf\u8ff0\u3011&nbsp;</span> \n</p>\n<p style=\"font-family:'Microsoft Yahei';font-size:14px;background-color:#F5F5F5;\">\n\t<span>\u8f93\u5165\u4e24\u4e2a\u9ad8\u7cbe\u5ea6\u6b63\u6574\u6570a\u548cb\uff08a\u4f4d\u6570&lt;=200\uff0cb\u7684\u4f4d\u6570&lt;=9\u4f4d\uff09\uff0c\u6c42a\u9664\u4ee5b\u7684\u5546\u7684\u6574\u6570\u90e8\u5206\u3002</span> \n</p>\n<span style=\"font-family:'Microsoft Yahei';font-size:14px;line-height:28px;background-color:#F5F5F5;\"><span>\u3010\u8f93\u5165\u683c\u5f0f\u3011lowdiv.in</span></span><span style=\"font-family:'Microsoft Yahei';font-size:14px;line-height:28px;background-color:#F5F5F5;\"></span><span style=\"font-family:'Microsoft Yahei';font-size:14px;line-height:28px;background-color:#F5F5F5;\"></span> \n<p style=\"font-family:'Microsoft Yahei';font-size:14px;background-color:#F5F5F5;\">\n\t<span>\u8f93\u5165\u5171\u4e24\u884c\uff0c\u5206\u522b\u4e3aa\u548cb\u3002\uff08\u8f93\u5165\u6570\u636e\u4fdd\u8bc1a\u5927\u4e8eb\uff09</span> \n</p>\n<p style=\"font-family:'Microsoft Yahei';font-size:14px;background-color:#F5F5F5;\">\n\t<span>\u3010\u8f93\u51fa\u683c\u5f0f\u3011lowdiv.out</span> \n</p>\n<p style=\"font-family:'Microsoft Yahei';font-size:14px;background-color:#F5F5F5;\">\n\t<span>\u8f93\u51fa\u5171\u4e00\u884c\uff0c\u8868\u793a<span style=\"font-family:'Microsoft Yahei';font-size:14px;line-height:21px;background-color:#F5F5F5;\">a\u9664\u4ee5b\u7684\u5546\u7684\u6574\u6570\u90e8\u5206</span>\u3002</span> \n</p>\n<p style=\"font-family:'Microsoft Yahei';font-size:14px;background-color:#F5F5F5;\">\n\t<span>\u3010\u8f93\u5165\u6837\u4f8b1\u3011&nbsp;</span><span><br />\n9999999999999999999999999999999999123456789123456789<br />\n3333<br />\n</span> \n</p>\n<p style=\"font-family:'Microsoft Yahei';font-size:14px;background-color:#F5F5F5;\">\n\t<span style=\"line-height:21px;\"></span> \n</p>\n<p style=\"font-family:'Microsoft Yahei';font-size:14px;background-color:#F5F5F5;\">\n\t<span>\u3010\u8f93\u51fa\u6837\u4f8b1\u3011</span> \n</p>\n<p style=\"font-family:'Microsoft Yahei';font-size:14px;background-color:#F5F5F5;\">\n\t37040740811118\n</p>\n<div>\n\t<br />\n</div>\n<p>\n\t<br />\n</p>"
    },
    "tags": [
        "FATE_YO"
    ],
    "input_description": {
        "format": "html",
        "value": "\u65e0"
    },
    "output_description": {
        "format": "html",
        "value": "\u65e0"
    },
    "test_case_score": [
        {
            "score": 100,
            "input_name": "1.in",
            "output_name": "1.out"
        }
    ],
    "hint": {
        "format": "html",
        "value": "Const<br />\n&nbsp; &nbsp; Size = 200;<br />\nType<br />\n&nbsp; &nbsp; hugeint = Record<br />\n&nbsp; &nbsp; &nbsp; &nbsp; len : Integer;<br />\n&nbsp; &nbsp; &nbsp; &nbsp; num : Array[1..Size] Of longint;<br />\n&nbsp; &nbsp; End;<br />\nvar a:hugeint;<br />\n&nbsp; &nbsp; s1:string;<br />\n&nbsp; &nbsp; i:integer;<br />\n&nbsp; &nbsp; x:longint;<br />\n<br />\nprocedure lowdiv(a:hugeint;x:longint);<br />\n&nbsp; var<br />\n&nbsp; &nbsp; i:longint;<br />\n&nbsp; &nbsp; temp:int64;<br />\n&nbsp; &nbsp; ans:hugeint;<br />\n&nbsp; begin<br />\n&nbsp; &nbsp; fillchar(ans.num,sizeof(ans.num),0);<br />\n&nbsp; &nbsp; ans.len:=a.len;<br />\n&nbsp; &nbsp; temp:=0;<br />\n&nbsp; &nbsp; for i:=a.len downto 1 do<br />\n&nbsp; &nbsp; &nbsp; begin<br />\n&nbsp; &nbsp; &nbsp; &nbsp; temp:=temp*10+a.num[i];<br />\n&nbsp; &nbsp; &nbsp; &nbsp; ans.num[i]:=temp div x;<br />\n&nbsp; &nbsp; &nbsp; &nbsp; temp:=temp mod x;<br />\n&nbsp; &nbsp; &nbsp; end;<br />\n&nbsp; &nbsp; while (ans.len&gt;1)and(ans.num[ans.len]=0) do dec(ans.len);<br />\n&nbsp; &nbsp; for i:=ans.len downto 1 do write(ans.num[i]);<br />\n&nbsp; &nbsp; writeln;<br />\n&nbsp; end;<br />\n<br />\n<br />\n&nbsp;procedure datain;<br />\n&nbsp; &nbsp;begin<br />\n&nbsp; &nbsp; assign(input,'lowdiv.in'); &nbsp;assign(output,'lowdiv.out');<br />\n&nbsp; &nbsp; reset(input); rewrite(output);<br />\n&nbsp; &nbsp; readln(s1);<br />\n&nbsp; &nbsp; readln(x);<br />\n&nbsp; &nbsp; a.len:=length(s1);<br />\n&nbsp; &nbsp; for i:=1 to a.len do &nbsp;a.num[i]:=ord(s1[a.len-i+1])-ord('0');<br />\n&nbsp;end;<br />\n&nbsp;begin<br />\n&nbsp; &nbsp;datain;<br />\n&nbsp; &nbsp;lowdiv(a,x);<br />\n&nbsp; &nbsp;close(input);close(output);<br />\n&nbsp;end.<br />\n<div>\n\t<br />\n</div>"
    },
    "time_limit": 1000,
    "memory_limit": 256,
    "samples": [
        {
            "input": "\u65e0",
            "output": "\u65e0"
        }
    ],
    "template": {},
    "spj": null,
    "rule_type": "ACM",
    "source": "FATE_YO",
    "answers": []
}