{
    "display_id": 1219,
    "title": "\u6587\u4ef6\u6392\u7248 format",
    "description": {
        "format": "html",
        "value": "<p>\n\t<!--[if gte mso 9]>Normal07.8 \u78c502falsefalsefalseMicrosoftInternetExplorer4<![endif]-->\u5199\u7535\u5b50\u90ae\u4ef6\u662f\u6709\u8da3\u7684\uff0c\u4f46\u4e0d\u5e78\u7684\u662f\u7ecf\u5e38\u5199\u4e0d\u597d\u770b\uff0c\u4e3b\u8981\u662f\u56e0\u4e3a\u6240\u6709\u7684\u884c\u4e0d\u4e00\u6837\u957f\uff0c\u4f60\u7684\u4e0a\u53f8\u60f3\u8981\u53d1\u6392\u7248\u7cbe\u7f8e\u7684\u7535\u5b50\u90ae\u4ef6\uff0c\u4f60\u7684\u4efb\u52a1\u662f\u4e3a\u4ed6\u7f16\u5199\u4e00\u4e2a\u7535\u5b50\u90ae\u4ef6\u6392\u7248\u7a0b\u5e8f\u3002\n</p>\n<p>\n\t<!--[if gte mso 9]><![endif]--><!--[if gte mso 10]>\n<![endif]-->\n</p>\n<p class=\"MsoNormal\">\n\t<span style=\"font-family:\u5b8b\u4f53;\">\u5b8c\u6210\u8fd9\u4e2a\u4efb\u52a1\u6700\u7b80\u5355\u7684\u529e\u6cd5\u662f\u5728\u592a\u77ed\u7684\u884c\u4e2d\u7684\u5355\u8bcd\u4e4b\u95f4\u63d2\u5165\u7a7a\u683c\uff0c\u4f46\u8fd9\u5e76\u4e0d\u662f\u6700\u597d\u7684\u65b9\u6cd5\uff0c\u8003\u8651\u5982\u4e0b\u4f8b\u5b50\uff1a</span>\n</p>\n<p class=\"MsoNormal\">\n\t<span style=\"font-family:\u5b8b\u4f53;\">This is the example you<span>&nbsp; </span>are</span>\n</p>\n<p class=\"MsoNormal\">\n\t<span style=\"font-family:\u5b8b\u4f53;\">actually considering.</span>\n</p>\n<p class=\"MsoNormal\">\n\t<span style=\"font-family:\u5b8b\u4f53;\">\u5047\u8bbe\u6211\u4eec\u60f3\u5c06\u7b2c\u4e8c\u884c\u53d8\u5f97\u548c\u7b2c\u4e00\u884c\u4e00\u6837\u957f\uff0c\u9760\u7b80\u5355\u5730\u63d2\u5165\u7a7a\u683c\u5219\u6211\u4eec\u5c06\u5f97\u5230\u5982\u4e0b\u7ed3\u679c\uff1a</span>\n</p>\n<p class=\"MsoNormal\">\n\t<span style=\"font-family:\u5b8b\u4f53;\">This is the example you<span>&nbsp; </span>are</span>\n</p>\n<p class=\"MsoNormal\">\n\t<span style=\"font-family:\u5b8b\u4f53;\">actually<span>&nbsp;&nbsp;&nbsp;&nbsp;&nbsp;&nbsp;&nbsp; </span>considering.</span>\n</p>\n<p class=\"MsoNormal\">\n\t<span style=\"font-family:\u5b8b\u4f53;\">\u4f46\u8fd9\u592a\u96be\u770b\u4e86\uff0c\u56e0\u4e3a\u5728\u7b2c\u4e8c\u884c\u4e2d\u6709\u4e00\u4e2a\u975e\u5e38\u5927\u7684\u7a7a\u767d\uff0c\u5982\u679c\u5c06\u7b2c\u4e00\u884c\u7684\u5355\u8bcd\u201c<span>are</span>\u201d\u79fb\u5230\u4e0b\u4e00\u884c\u6211\u4eec\u5c06\u5f97\u5230\u8f83\u597d\u7684\u7ed3\u679c\uff1a</span>\n</p>\n<p class=\"MsoNormal\">\n\t<span style=\"font-family:\u5b8b\u4f53;\">This<span>&nbsp; </span>is<span>&nbsp; </span>the<span>&nbsp; </span>example<span>&nbsp;&nbsp; </span>you</span>\n</p>\n<p class=\"MsoNormal\">\n\t<span style=\"font-family:\u5b8b\u4f53;\">are<span>&nbsp; </span>actually<span>&nbsp;&nbsp; </span>considering.</span>\n</p>\n<p class=\"MsoNormal\">\n\t<span style=\"font-family:\u5b8b\u4f53;\">&nbsp;</span><span style=\"font-family:\u5b8b\u4f53;\">\u5f53\u7136\uff0c\u8fd9\u5fc5\u987b\u5bf9\u96be\u770b\u7a0b\u5ea6\u8fdb\u884c\u91cf\u5316\u3002\u56e0\u6b64\u6211\u4eec\u5fc5\u987b\u7ed9\u51fa\u5355\u8bcd\u4e4b\u95f4\u7684\u7a7a\u683c\u7684\u96be\u770b\u7a0b\u5ea6\uff0c\u4e00\u4e2a\u5305\u542b<span>N</span>\u4e2a\u7a7a\u683c\u7b26\u7684\u7a7a\u767d\u6bb5\uff0c\u5176\u96be\u770b\u7a0b\u5ea6\u503c\u4e3a<span>(n-1)<sup>2</sup></span>\uff0c\u7a0b\u5e8f\u7684\u76ee\u7684\u662f\u4f7f\u96be\u770b\u7a0b\u5ea6\u7684\u603b\u548c\u6700\u5c0f\u5316\u3002\u4f8b\u5982\uff0c\u7b2c\u4e00\u4e2a\u4f8b\u5b50\u7684\u96be\u770b\u7a0b\u5ea6\u662f<span>1+7*7=50</span>\uff0c\u800c\u7b2c\u4e8c\u4e2a\u4f8b\u5b50\u7684\u96be\u770b\u7a0b\u5ea6\u4ec5\u4e3a<span>1+1+1+4+1+4=12</span>\u3002</span>\n</p>\n<p class=\"MsoNormal\">\n\t<span style=\"font-family:\u5b8b\u4f53;\">\u8f93\u51fa\u65f6\uff0c\u6bcf\u4e00\u884c\u7684\u5f00\u5934\u548c\u7ed3\u5c3e\u5904\u90fd\u5fc5\u987b\u662f\u4e00\u4e2a\u5355\u8bcd\uff0c\u5373\u6bcf\u884c\u5f00\u5934\u548c\u7ed3\u5c3e\u5904\u4e0d\u80fd\u6709\u7a7a\u767d\u3002\u552f\u4e00\u4f8b\u5916\u7684\u662f\u8be5\u884c\u4ec5\u6709\u4e00\u4e2a\u5355\u8bcd\u7ec4\u6210\u7684\u60c5\u51b5\uff0c\u6b64\u65f6\u5982\u679c\u8be5\u5355\u8bcd\u6bd4\u8be5\u884c\u5e94\u6709\u7684\u957f\u5ea6\u77ed\u5219\u6211\u4eec\u6307\u5b9a\u5b83\u7684\u96be\u770b\u7a0b\u5ea6\u4e3a<span>500</span>\u3002</span>\n</p>\n<p>\n\t<br />\n</p>"
    },
    "tags": [
        "FATE_YO"
    ],
    "input_description": {
        "format": "html",
        "value": "<p>\n\t<!--[if gte mso 9]>Normal07.8 \u78c502falsefalsefalseMicrosoftInternetExplorer4<![endif]--><span style=\"font-family:\u5b8b\u4f53;\">\u8f93\u5165\u6587\u4ef6\u7b2c\u4e00\u884c\u662f\u4e00\u4e2a\u6574\u6570<span>N</span>\uff0c\u8868\u793a\u6392\u7248\u540e\u6587\u7ae0\u6bcf\u884c\u8981\u6c42\u8fbe\u5230\u7684\u5bbd\u5ea6\uff0c<span>1&lt;=N&lt;=80</span>\u3002</span>\n</p>\n<p>\n\t<span style=\"font-family:\u5b8b\u4f53;\">\u540e\u9762\u662f\u7ed9\u51fa\u7684\u4e00\u6bb5\u6587\u7ae0\uff0c\u8be5\u6bb5\u6587\u7ae0\u7531\u4e00\u4e2a\u6216\u591a\u4e2a\u5355\u8bcd\u7ec4\u6210\uff0c\u5355\u8bcd\u7531<span>ASCII</span>\u7801\u503c\u4e3a<span>33</span>\u5230<span>126</span>\uff08\u5305\u542b<span>33</span>\u548c<span>126</span>\uff09\u7684\u5b57\u7b26\u7ec4\u6210\uff0c\u5355\u8bcd\u4e0e\u5355\u8bcd\u4e4b\u95f4\u7528\u7a7a\u683c\u9694\u5f00\uff08\u53ef\u80fd\u8d85\u8fc7\u4e00\u4e2a\uff09\u3002\u5355\u8bcd\u957f\u5ea6\u4e0d\u4f1a\u8d85\u8fc7\u6bb5\u843d\u8981\u6c42\u8fbe\u5230\u7684\u5bbd\u5ea6\u3002\u4e00\u6bb5\u6587\u5b57\u6240\u6709\u5355\u8bcd\u7684\u603b\u957f\u5ea6\u4e0d\u4f1a\u8d85\u8fc7<span>10000</span>\u4e2a\u5b57\u7b26\uff0c\u4efb\u4f55\u4e00\u884c\u90fd\u4e0d\u4f1a\u8d85\u8fc7<span>100</span>\u4e2a\u5b57\u7b26\uff0c\u4efb\u4f55\u4e00\u4e2a\u5355\u8bcd\u90fd\u5728\u540c\u4e00\u884c\u5185\u3002</span>\n</p>\n<p>\n\t<!--[if gte mso 9]><![endif]--><!--[if gte mso 10]>\n<![endif]-->\n</p>"
    },
    "output_description": {
        "format": "html",
        "value": "<p>\n\t<!--[if gte mso 9]>Normal07.8 \u78c502falsefalsefalseMicrosoftInternetExplorer4<![endif]--><span style=\"font-family:\u5b8b\u4f53;\">\u5bf9\u4e8e\u6bcf\u4e2a\u6bb5\u843d\uff0c\u627e\u51fa\u4f7f\u5176\u96be\u770b\u7a0b\u5ea6\u6700\u5c0f\u7684\u6392\u7248\u5f62\u5f0f\u5e76\u8f93\u51fa\u53e5\u5b50\uff1a\u201c<span>Minimal badness is B.</span>\u201d<span>,B</span>\u662f\u6307\u6309\u53ef\u80fd\u7684\u6700\u597d\u6392\u7248\u5f62\u5f0f\u4f1a\u53d1\u751f\u7684\u96be\u770b\u7a0b\u5ea6\u503c\u3002\u6ce8\u610f\u6392\u7248\u540e\u6587\u672c\u884c\u6570\u4efb\u610f\uff0c\u591a\u4f59\u7684\u7a7a\u683c\u4e5f\u53ef\u5220\u9664\u3002</span>\n</p>\n<p>\n\t<!--[if gte mso 9]><![endif]--><!--[if gte mso 10]>\n<![endif]-->\n</p>"
    },
    "test_case_score": [
        {
            "score": 100,
            "input_name": "1.in",
            "output_name": "1.out"
        }
    ],
    "hint": {
        "format": "html",
        "value": "<p>\n\t<!--[if gte mso 9]>Normal07.8 \u78c502falsefalsefalseMicrosoftInternetExplorer4<![endif]-->\n</p>\n<p>\n\t<!--[if gte mso 9]><![endif]--><!--[if gte mso 10]>\n<![endif]-->\n</p>\n<p class=\"MsoNormal\">\n\t<span><span>&nbsp;&nbsp;&nbsp; </span></span><span style=\"font-family:\u5b8b\u4f53;\">\u89c1\u8f93\u5165\u8f93\u51fa\u3002</span>\n</p>\n<p>\n\t<br />\n</p>"
    },
    "time_limit": 1000,
    "memory_limit": 256,
    "samples": [
        {
            "input": "28\nThis is the example you  are\nactually considering.",
            "output": "Minimal badness is 12."
        }
    ],
    "template": {},
    "spj": null,
    "rule_type": "ACM",
    "source": "FATE_YO",
    "answers": []
}