{
    "display_id": 1076,
    "title": "\u4e8c\u7684\u5e42\u6b21\u65b9",
    "description": {
        "format": "html",
        "value": "<p class=\"MsoNormal\">\n\t\u4efb\u4f55\u4e00\u4e2a\u6b63\u6574\u6570\u90fd\u53ef\u4ee5\u7528<span>2</span>\u7684\u5e42\u6b21\u65b9\u8868\u793a\u3002\n</p>\n<p class=\"MsoNormal\">\n\t\u4f8b\u5982\uff1a\n</p>\n<p class=\"MsoNormal\">\n\t<span>&nbsp; &nbsp; &nbsp; &nbsp; &nbsp; &nbsp; 137=2<sup>7</sup>+2<sup>3</sup>+2<sup>0</sup></span> \n</p>\n<p class=\"MsoNormal\">\n\t<span style=\"line-height:1.5;\">\u540c\u65f6\u7ea6\u5b9a\u6b21\u65b9\u7528\u62ec\u53f7\u6765\u8868\u793a\uff0c\u5373</span><span style=\"line-height:1.5;\">a<sup>b</sup> </span><span style=\"line-height:1.5;\">\u53ef\u8868\u793a\u4e3a</span><span style=\"line-height:1.5;\">a</span><span style=\"line-height:1.5;\">\uff08</span><span style=\"line-height:1.5;\">b</span><span style=\"line-height:1.5;\">\uff09\u3002</span> \n</p>\n<p class=\"MsoNormal\">\n\t<span></span> \n</p>\n<p class=\"MsoNormal\">\n\t\u7531\u6b64\u53ef\u77e5\uff0c<span>137</span>\u53ef\u8868\u793a\u4e3a\uff1a<span></span> \n</p>\n<p class=\"MsoNormal\">\n\t<span>&nbsp; &nbsp; &nbsp; &nbsp; &nbsp; &nbsp; 2</span>\uff08<span>7</span>\uff09<span>+2</span>\uff08<span>3</span>\uff09<span>+2</span>\uff08<span>0</span>\uff09<span></span> \n</p>\n<p class=\"MsoNormal\">\n\t\u8fdb\u4e00\u6b65\uff1a<span>7= 2<sup>2</sup>+2+2<sup>0</sup></span>\uff08<span>2<sup>1</sup></span>\u7528<span>2</span>\u8868\u793a\uff09<span></span> \n</p>\n<p class=\"MsoNormal\">\n\t<span>&nbsp; &nbsp; &nbsp; &nbsp; &nbsp; &nbsp; 3=2+2<sup>0&nbsp;&nbsp; </sup></span> \n</p>\n<p class=\"MsoNormal\">\n\t\u6240\u4ee5\u6700\u540e<span>137</span>\u53ef\u8868\u793a\u4e3a\uff1a<span></span> \n</p>\n<p class=\"MsoNormal\">\n\t<span>&nbsp; &nbsp; &nbsp; &nbsp; &nbsp; &nbsp; 2</span>\uff08<span>2</span>\uff08<span>2</span>\uff09<span>+2+2</span>\uff08<span>0</span>\uff09\uff09<span>+2</span>\uff08<span>2+2</span>\uff08<span>0</span>\uff09\uff09<span>+2</span>\uff08<span>0</span>\uff09<span></span> \n</p>\n<p class=\"MsoNormal\">\n\t\u53c8\u5982\uff1a<span></span> \n</p>\n<p class=\"MsoNormal\">\n\t<span>&nbsp; &nbsp; &nbsp; &nbsp; &nbsp; &nbsp; 1315=2<sup>10</sup> +2<sup>8</sup> +2<sup>5</sup> +2+1</span> \n</p>\n<p class=\"MsoNormal\">\n\t\u6240\u4ee5<span>1315</span>\u6700\u540e\u53ef\u8868\u793a\u4e3a\uff1a<span></span> \n</p>\n<p class=\"MsoNormal\">\n\t<span>&nbsp; &nbsp; &nbsp; &nbsp; &nbsp; &nbsp;&nbsp;2</span>\uff08<span>2</span>\uff08<span>2+2</span>\uff08<span>0</span>\uff09\uff09<span>+2</span>\uff09<span>+2</span>\uff08<span>2</span>\uff08<span>2+2</span>\uff08<span>0</span>\uff09\uff09\uff09<span>+2</span>\uff08<span>2</span>\uff08<span>2</span>\uff09<span>+2</span>\uff08<span>0</span>\uff09\uff09<span>+2+2</span>\uff08<span>0</span>\uff09<span></span> \n</p>\n<p class=\"MsoNormal\">\n\t<br />\n</p>"
    },
    "tags": [
        "FATE_YO"
    ],
    "input_description": {
        "format": "html",
        "value": "<p>\n\t\u6bcf\u4e2a\u6d4b\u8bd5\u6587\u4ef6\u53ea\u5305\u542b\u4e00\u7ec4\u6d4b\u8bd5\u6570\u636e\uff0c\u6bcf\u7ec4\u8f93\u5165\u4e00\u4e2a\u6b63\u6574\u6570n\uff08n&lt;=20000\uff09\u3002\n</p>\n<p>\n\t<br />\n</p>"
    },
    "output_description": {
        "format": "html",
        "value": "<p>\n\t\u5bf9\u4e8e\u6bcf\u7ec4\u8f93\u5165\u6570\u636e\uff0c\u8f93\u51fa<span>\u7b26\u5408\u7ea6\u5b9a\u7684n\u76840\uff0c2\u8868\u793a\u3002\uff08\u5728\u8868\u793a\u4e2d\u4e0d\u80fd\u6709\u7a7a\u683c\uff09</span> \n</p>\n<p>\n\t<span><br />\n</span> \n</p>"
    },
    "test_case_score": [
        {
            "score": 100,
            "input_name": "1.in",
            "output_name": "1.out"
        }
    ],
    "hint": {
        "format": "html",
        "value": ""
    },
    "time_limit": 1000,
    "memory_limit": 256,
    "samples": [
        {
            "input": "137",
            "output": "2(2(2)+2+2(0))+2(2+2(0))+2(0)"
        }
    ],
    "template": {},
    "spj": null,
    "rule_type": "ACM",
    "source": "FATE_YO",
    "answers": []
}