{
    "display_id": 1050,
    "title": "\u7b97\u6cd5\u5b9e\u73b0\u98983-7 \u6570\u5b57\u4e09\u89d2\u5f62\u95ee\u9898",
    "description": {
        "format": "html",
        "value": "\u7ed9\u5b9a\u4e00\u4e2a\u7531n\u884c\u6570\u5b57\u7ec4\u6210\u7684\u6570\u5b57\u4e09\u89d2\u5f62\u5982\u4e0b\u56fe\u6240\u793a\u3002\u8bd5\u8bbe\u8ba1\u4e00\u4e2a\u7b97\u6cd5\uff0c\u8ba1\u7b97\u51fa\u4ece\u4e09\u89d2\u5f62\u7684\u9876\u81f3\u5e95\u7684\u4e00\u6761\u8def\u5f84\uff0c\u4f7f\u8be5\u8def\u5f84\u7ecf\u8fc7\u7684\u6570\u5b57\u603b\u548c\u6700\u5927\u3002<br />\n&nbsp; &nbsp; &nbsp; &nbsp; &nbsp; &nbsp; &nbsp; &nbsp; &nbsp; &nbsp; &nbsp; &nbsp; &nbsp; &nbsp; &nbsp; &nbsp; &nbsp; &nbsp; &nbsp; &nbsp; &nbsp; &nbsp; &nbsp; &nbsp; &nbsp; &nbsp; 7<br />\n&nbsp; &nbsp; &nbsp; &nbsp; &nbsp; &nbsp; &nbsp; &nbsp; &nbsp; &nbsp; &nbsp; &nbsp; &nbsp; &nbsp; &nbsp; &nbsp; &nbsp; &nbsp; &nbsp; &nbsp; &nbsp; &nbsp; &nbsp; &nbsp; &nbsp;&nbsp;3 &nbsp;8<br />\n&nbsp; &nbsp; &nbsp; &nbsp; &nbsp; &nbsp; &nbsp; &nbsp; &nbsp; &nbsp; &nbsp; &nbsp; &nbsp; &nbsp; &nbsp; &nbsp; &nbsp; &nbsp; &nbsp; &nbsp; &nbsp; &nbsp; &nbsp; &nbsp; &nbsp;8 &nbsp;1 &nbsp;0<br />\n&nbsp; &nbsp; &nbsp; &nbsp; &nbsp; &nbsp; &nbsp; &nbsp; &nbsp; &nbsp; &nbsp; &nbsp; &nbsp; &nbsp; &nbsp; &nbsp; &nbsp; &nbsp; &nbsp; &nbsp; &nbsp; &nbsp; &nbsp; &nbsp;2 &nbsp;7 &nbsp;4 &nbsp;4<br />\n<p>\n\t&nbsp; &nbsp; &nbsp; &nbsp; &nbsp; &nbsp; &nbsp; &nbsp; &nbsp; &nbsp; &nbsp; &nbsp; &nbsp; &nbsp; &nbsp; &nbsp; &nbsp; &nbsp; &nbsp; &nbsp; &nbsp; &nbsp; &nbsp;&nbsp;4 &nbsp;5 &nbsp;2 &nbsp;6 &nbsp;5\n</p>\n<p>\n\t\u7f16\u7a0b\u4efb\u52a1\uff1a<br />\n\u5bf9\u4e8e\u7ed9\u5b9a\u7684\u7531n \u884c\u6570\u5b57\u7ec4\u6210\u7684\u6570\u5b57\u4e09\u89d2\u5f62\uff0c\u7f16\u7a0b\u8ba1\u7b97\u4ece\u4e09\u89d2\u5f62\u7684\u9876\u81f3\u5e95\u7684\u8def\u5f84\u7ecf\u8fc7\u7684\u6570<br />\n\u5b57\u548c\u7684\u6700\u5927\u503c\u3002\n</p>"
    },
    "tags": [
        "FATE_YO"
    ],
    "input_description": {
        "format": "html",
        "value": "\u7531\u6587\u4ef6input.txt \u63d0\u4f9b\u8f93\u5165\u6570\u636e\u3002\u6587\u4ef6\u7684\u7b2c1 \u884c\u662f\u6570\u5b57\u4e09\u89d2\u5f62\u7684\u884c\u6570n\uff0c1\u00a3n\u00a3100\u3002\u63a5\u4e0b\u6765n\u884c\u662f\u6570\u5b57\u4e09\u89d2\u5f62\u5404\u884c\u4e2d\u7684\u6570\u5b57\u3002\u6240\u6709\u6570\u5b57\u57280..99\u4e4b\u95f4\u3002<br />"
    },
    "output_description": {
        "format": "html",
        "value": "\u7a0b\u5e8f\u8fd0\u884c\u7ed3\u675f\u65f6\uff0c\u5c06\u8ba1\u7b97\u7ed3\u679c\u8f93\u51fa\u5230\u6587\u4ef6output.txt \u4e2d\u3002\u6587\u4ef6\u7684\u7b2c1 \u884c\u4e2d\u7684\u6570\u662f\u8ba1\u7b97\u51fa\u7684\u6700\u5927\u503c\u3002<br />"
    },
    "test_case_score": [
        {
            "score": 100,
            "input_name": "1.in",
            "output_name": "1.out"
        }
    ],
    "hint": {
        "format": "html",
        "value": ""
    },
    "time_limit": 1000,
    "memory_limit": 256,
    "samples": [
        {
            "input": "5\n7\n3 8\n8 1 0\n2 7 4 4\n4 5 2 6 5",
            "output": "30"
        }
    ],
    "template": {},
    "spj": null,
    "rule_type": "ACM",
    "source": "FATE_YO",
    "answers": []
}