{
    "display_id": 1046,
    "title": "\u3010C\u8bed\u8a00\u8bad\u7ec3\u3011\u6c42\u5177\u6709abcd=(ab+cd)2\u6027\u8d28\u7684\u56db\u4f4d\u6570",
    "description": {
        "format": "html",
        "value": "<p>\n\t<span>3025\u8fd9\u4e2a\u6570\u5177\u6709\u4e00\u79cd\u72ec\u7279\u7684\u6027\u8d28\uff1a\u5c06\u5b83\u5e73\u5206\u4e3a\u4e8c\u6bb5\uff0c\u537330\u548c25\uff0c\u4f7f\u4e4b\u76f8\u52a0\u540e\u6c42\u5e73\u65b9\uff0c\u5373(30+25)2\uff0c\u6070\u597d\u7b49\u4e8e3025\u672c\u8eab\u3002\u8bf7\u6c42\u51fa\u5177\u6709\u8fd9\u6837\u6027\u8d28\u7684\u5168\u90e8\u56db\u4f4d\u6570</span>\n</p>"
    },
    "tags": [
        "FATE_YO"
    ],
    "input_description": {
        "format": "html",
        "value": "\u65e0"
    },
    "output_description": {
        "format": "html",
        "value": "<p>\n\t<span>\u6ee1\u8db3\u9898\u610f\u7684\u6570\u5168\u90e8\u56db\u4f4d\u6570(\u4ece\u5c0f\u5230\u5927\u8f93\u51fa,\u4e14\u6570\u4e4b\u95f4\u7528\u4e24\u4e2a\u7a7a\u683c\u5206\u5f00) </span>\n</p>"
    },
    "test_case_score": [
        {
            "score": 100,
            "input_name": "1.in",
            "output_name": "1.out"
        }
    ],
    "hint": {
        "format": "html",
        "value": "<p>\n\t<span>\u6839\u636e\u9898\u610f\u53ef\u4ee5\u91c7\u7528\u7a77\u4e3e\u6cd5\uff0c\u5bf9\u6240\u6709\u56db\u4f4d\u6570\u8fdb\u884c\u5224\u65ad\uff0c\u4ece\u800c\u7b5b\u9009\u51fa\u7b26\u5408\u8fd9\u79cd\u6027\u8d28\u7684\u56db\u4f4d\u6570\u3002\u5177\u4f53\u7b97\u6cd5\u5b9e\u73b0\uff0c\u53ef\u4efb\u53d6\u4e00\u4e2a\u56db\u4f4d\u6570\uff0c\u5c06\u5176\u622a\u4e3a\u4e24\u90e8\u5206\uff0c\u524d\u4e24\u4f4d\u4e3aa\uff0c\u540e\u4e24\u4f4d\u4e3ab\uff0c\u7136\u540e\u5957\u7528\u516c\u5f0f\u8ba1\u7b97\u5e76\u5224\u65ad\u3002</span>\n</p>"
    },
    "time_limit": 1000,
    "memory_limit": 256,
    "samples": [
        {
            "input": "no input needed",
            "output": "2025  3025  9801"
        }
    ],
    "template": {},
    "spj": null,
    "rule_type": "ACM",
    "source": "FATE_YO",
    "answers": []
}