{
    "display_id": 1072,
    "title": "\u68cb\u76d8\u65b9\u683c",
    "description": {
        "format": "html",
        "value": "<p class=\"MsoBodyTextFirstIndent\" style=\"margin-left:15.75pt;text-indent:-15.75pt;\">\n\t\u8bbe\u6709\u4e00\u4e2a<span>n*m</span>\u65b9\u683c\u7684\u68cb\u76d8\uff08<span>1</span>\u2264<span>m,n</span>\u2264<span>100</span>\uff09\u3002<span></span> \n</p>\n<p>\n\t\u6c42\u51fa\u8be5\u68cb\u76d8\u4e2d\u5305\u542b\u591a\u5c11\u4e2a\u6b63\u65b9\u5f62\u3001\u591a\u5c11\u4e2a\u957f\u65b9\u5f62\uff08\u4e0d\u5305\u62ec\u6b63\u65b9\u5f62\uff09\u3002\n</p>\n<p>\n\t\u4f8b\u5982\uff1a\n</p>\n<p>\n\t&nbsp; &nbsp; &nbsp; &nbsp;\u5f53n=2\uff0cm=3\u65f6\n</p>\n<p style=\"text-align:center;\">\n\t<img src=\"http://tk.hustoj.com:80/attached/image/20140109/20140109155617_80195.jpg\" alt=\"\" /> \n</p>\n<p style=\"text-align:left;\">\n\t<br />\n</p>\n<p class=\"MsoBodyText\" style=\"text-indent:21.0pt;\">\n\t\u6b63\u65b9\u5f62\u7684\u4e2a\u6570\u6709<span>8</span>\u4e2a\uff0c\u5373\u8fb9\u957f\u4e3a<span>1</span>\u7684\u6b63\u65b9\u5f62\u6709<span>6</span>\u4e2a\uff0c\u8fb9\u957f\u4e3a2\u7684\u6b63\u65b9\u5f62\u67092\u4e2a\u3002\n</p>\n<p class=\"MsoBodyText\" style=\"text-indent:21.0pt;\">\n\t\u957f\u65b9\u5f62\u7684\u4e2a\u6570\u670910\u4e2a\uff1a\n</p>\n<p class=\"MsoBodyText\" style=\"text-indent:21.0pt;\">\n\t2*1\u7684\u957f\u65b9\u5f62\u67094\u4e2a\uff1b<img src=\"http://noi.acmclub.com/attached/image/20140109/20140109160025_60435.jpg\" alt=\"\" /> \n</p>\n<p class=\"MsoBodyText\" style=\"text-indent:21.0pt;\">\n\t1*2\u7684\u957f\u65b9\u5f62\u67093\u4e2a\uff1b<img src=\"http://tk.hustoj.com:80/attached/image/20140109/20140109160119_48455.jpg\" alt=\"\" /> \n</p>\n<p class=\"MsoBodyText\" style=\"text-indent:21.0pt;\">\n\t3*1\u7684\u957f\u65b9\u5f62\u67092\u4e2a\uff1b<img src=\"http://tk.hustoj.com:80/attached/image/20140109/20140109160140_93063.jpg\" alt=\"\" /> \n</p>\n<p class=\"MsoBodyText\" style=\"text-indent:21.0pt;\">\n\t3*2\u7684\u957f\u65b9\u5f62\u67091\u4e2a\u3002<img src=\"http://tk.hustoj.com:80/attached/image/20140109/20140109160158_92741.jpg\" alt=\"\" /> \n</p>\n<p class=\"MsoBodyText\" style=\"text-indent:21.0pt;\">\n\t<br />\n</p>\n<p>\n\t<br />\n</p>"
    },
    "tags": [
        "FATE_YO"
    ],
    "input_description": {
        "format": "html",
        "value": "<p>\n\t\u6bcf\u4e2a\u6d4b\u8bd5\u6587\u4ef6\u53ea\u5305\u542b\u4e00\u7ec4\u6d4b\u8bd5\u6570\u636e\uff0c\u6bcf\u7ec4\u8f93\u5165\u4e24\u4e2a\u6b63\u6574\u6570n\u548cm\u3002\n</p>\n<p>\n\t<br />\n</p>"
    },
    "output_description": {
        "format": "html",
        "value": "<p>\n\t\u5bf9\u4e8e\u6bcf\u7ec4\u8f93\u5165\u6570\u636e\uff0c<span>\u51fa\u8be5\u68cb\u76d8\u4e2d\u5305\u542b\u7684\u6b63\u65b9\u5f62\u4e2a\u6570\u548c\u957f\u65b9\u5f62\u4e2a\u6570\u3002</span> \n</p>\n<p>\n\t<span><br />\n</span> \n</p>"
    },
    "test_case_score": [
        {
            "score": 100,
            "input_name": "1.in",
            "output_name": "1.out"
        }
    ],
    "hint": {
        "format": "html",
        "value": ""
    },
    "time_limit": 1000,
    "memory_limit": 256,
    "samples": [
        {
            "input": "2 3",
            "output": "8 10"
        }
    ],
    "template": {},
    "spj": null,
    "rule_type": "ACM",
    "source": "FATE_YO",
    "answers": []
}