{
    "display_id": 1149,
    "title": "\u6c421!+2!+3!+...+10!\u7684\u548c",
    "description": {
        "format": "html",
        "value": "<p>\n\t\u6c421!+2!+3!+...+10!\u7684\u548c\n</p>"
    },
    "tags": [
        "FATE_YO"
    ],
    "input_description": {
        "format": "html",
        "value": "\u65e0"
    },
    "output_description": {
        "format": "html",
        "value": "\u65e0"
    },
    "test_case_score": [
        {
            "score": 100,
            "input_name": "1.in",
            "output_name": "1.out"
        }
    ],
    "hint": {
        "format": "html",
        "value": ""
    },
    "time_limit": 1000,
    "memory_limit": 256,
    "samples": [
        {
            "input": "\u65e0",
            "output": "\u65e0"
        }
    ],
    "template": {},
    "spj": null,
    "rule_type": "ACM",
    "source": "FATE_YO",
    "answers": []
}