{
    "display_id": 1107,
    "title": "\u3010\u5faa\u73af\u3011\u5224\u65ad\u6e56\u7684\u5927\u5c0f\uff08lake\uff09",
    "description": {
        "format": "html",
        "value": "<p>\n\t<!--[if gte mso 9]>Normal07.8 \u78c502falsefalsefalseMicrosoftInternetExplorer4<![endif]-->\n</p>\n<p>\n\t<!--[if gte mso 9]><![endif]--><!--[if gte mso 10]>\n<![endif]-->\n</p>\n<p style=\"text-indent:28.0pt;\" class=\"MsoNormal\">\n\t<span style=\"font-size:medium;\"><span style=\"font-family:\u5b8b\u4f53;\">\u56db\u4e2a\u5b66\u751f\u4e0a\u5730\u7406\u8bfe\uff0c\u56de\u7b54\u6211\u56fd\u56db\u5927\u6de1\u6c34\u6e56\u5927\u5c0f\u65f6\u8fd9\u6837\u8bf4\uff1a</span></span> \n</p>\n<p style=\"text-indent:28.0pt;\" class=\"MsoNormal\">\n\t<span style=\"font-size:medium;\"><span style=\"font-family:\u5b8b\u4f53;\">\u7532\uff1a\u201c\u6700\u5927\u6d1e\u5ead\u6e56\uff0c\u6700\u5c0f\u6d2a\u6cfd\u6e56\uff0c\u9131\u9633\u6e56\u7b2c\u4e09\u3002\u201d</span></span> \n</p>\n<p style=\"text-indent:28.0pt;\" class=\"MsoNormal\">\n\t<span style=\"font-size:medium;\"><span style=\"font-family:\u5b8b\u4f53;\">\u4e59\uff1a\u201c\u6700\u5927\u6d2a\u6cfd\u6e56\uff0c\u6700\u5c0f\u6d1e\u5ead\u6e56\uff0c\u9131\u9633\u6e56\u7b2c\u4e8c\uff0c\u592a\u6e56\u7b2c\u4e09\u3002\u201d</span></span> \n</p>\n<p style=\"text-indent:28.0pt;\" class=\"MsoNormal\">\n\t<span style=\"font-size:medium;\"><span style=\"font-family:\u5b8b\u4f53;\">\u4e19\uff1a\u201c\u6700\u5c0f\u6d2a\u6cfd\u6e56\uff0c\u6d1e\u5ead\u6e56\u7b2c\u4e09\u3002\u201d</span></span> \n</p>\n<p style=\"text-indent:28.0pt;\" class=\"MsoNormal\">\n\t<span style=\"font-size:medium;\"><span style=\"font-family:\u5b8b\u4f53;\">\u4e01\uff1a\u201c\u6700\u5927\u9131\u9633\u6e56\uff0c\u6700\u5c0f\u592a\u6e56\uff0c\u6d2a\u6cfd\u6e56\u7b2c\u4e8c\uff0c\u6d1e\u5ead\u6e56\u7b2c\u4e09\u3002\u201d</span></span> \n</p>\n<span style=\"font-size:medium;\"> <span style=\"font-family:\u5b8b\u4f53;\">\u5bf9\u4e8e\u6bcf\u4e2a\u6e56\u7684\u5927\u5c0f\uff0c\u6bcf\u4e2a\u5b66\u751f\u4ec5\u7b54\u5bf9\u4e00\u4e2a\uff0c\u8bf7\u7f16\u7a0b\u786e\u5b9a\u56db\u4e2a\u6e56\u7684\u5927\u5c0f\u3002</span></span> \n<p>\n\t<br />\n</p>"
    },
    "tags": [
        "FATE_YO"
    ],
    "input_description": {
        "format": "html",
        "value": "<p>\n\t<span style=\"font-size:medium;\">\u65e0\u3002</span> \n</p>"
    },
    "output_description": {
        "format": "html",
        "value": "<p>\n\t<span style=\"font-size:medium;\">\u5171\u56db\u884c\uff0c\u4ece\u5927\u5230\u5c0f\u8f93\u51fa\u56db\u4e2a\u6e56\u7684\u540d\u79f0\uff0c\u6bcf\u884c\u4e00\u4e2a\u3002<span style=\"font-family:\u5b8b\u4f53;\">\u9131\u9633\u6e56\uff08p</span></span><span style=\"font-size:medium;\"><span style=\"font-family:\u5b8b\u4f53;\"><span>oyang lake</span>\uff09\u3001\u592a\u6e56\uff08tai lake\uff09\u3001\u6d2a\u6cfd\u6e56\uff08hongze lake\uff09\u3001\u6d1e\u5ead\u6e56\uff08dongting lake\uff09</span>\uff0c\u7528\u62ec\u53f7\u4e2d\u7684\u540d\u79f0\u8f93\u51fa\u3002</span> \n</p>"
    },
    "test_case_score": [
        {
            "score": 100,
            "input_name": "1.in",
            "output_name": "1.out"
        }
    ],
    "hint": {
        "format": "html",
        "value": ""
    },
    "time_limit": 1000,
    "memory_limit": 256,
    "samples": [
        {
            "input": "\u65e0",
            "output": "\u65e0"
        }
    ],
    "template": {},
    "spj": null,
    "rule_type": "ACM",
    "source": "FATE_YO",
    "answers": []
}