{
    "display_id": 1190,
    "title": "\u4efb\u52a1\u8c03\u5ea6",
    "description": {
        "format": "html",
        "value": "<p>\n\t<span>\u8bfb\u5165\u4efb\u52a1\u8c03\u5ea6\u5e8f\u5217\uff0c\u8f93\u51fan\u4e2a\u4efb\u52a1\u9002\u5408\u7684\u4e00\u79cd\u8c03\u5ea6\u65b9\u5f0f\u3002</span>\n</p>"
    },
    "tags": [
        "FATE_YO"
    ],
    "input_description": {
        "format": "html",
        "value": "<p>\n\t\u8f93\u5165\u5305\u542b\u591a\u7ec4\u6d4b\u8bd5\u6570\u636e\u3002\n</p>\n<p>\n\t\u6bcf\u7ec4\u7b2c\u4e00\u884c\u8f93\u5165\u4e00\u4e2a\u6574\u6570n\uff08n&lt;100000\uff09\uff0c\u8868\u793a\u6709n\u4e2a\u4efb\u52a1\u3002\n</p>\n<p>\n\t\u63a5\u4e0b\u6765n\u884c\uff0c<span>\u6bcf\u884c\u7b2c\u4e00\u4e2a\u8868\u793a\u524d\u5e8f\u4efb\u52a1\uff0c\u62ec\u53f7\u4e2d\u7684\u4efb\u52a1\u4e3a\u82e5\u5e72\u4e2a\u540e\u5e8f\u4efb\u52a1\uff0c\u8868\u793a\u53ea\u6709\u5728\u524d\u5e8f\u4efb\u52a1\u5b8c\u6210\u7684\u60c5\u51b5\u4e0b\uff0c\u540e\u5e8f\u4efb\u52a1\u624d\u80fd\u5f00\u59cb\u3002\u82e5\u540e\u5e8f\u4e3aNULL\u5219\u8868\u793a\u65e0\u540e\u7ee7\u4efb\u52a1\u3002</span>\n</p>"
    },
    "output_description": {
        "format": "html",
        "value": "<span>\u8f93\u51fa\u8c03\u5ea6\u65b9\u5f0f\uff0c\u8f93\u51fa\u5982\u679c\u6709\u591a\u79cd\u9002\u5408\u7684\u8c03\u5ea6\u65b9\u5f0f\uff0c\u8bf7\u8f93\u51fa\u5b57\u5178\u5e8f\u6700\u5c0f\u7684\u4e00\u79cd\u3002</span>"
    },
    "test_case_score": [
        {
            "score": 100,
            "input_name": "1.in",
            "output_name": "1.out"
        }
    ],
    "hint": {
        "format": "html",
        "value": ""
    },
    "time_limit": 1000,
    "memory_limit": 256,
    "samples": [
        {
            "input": "4\nTask0(Task1,Task2)\nTask1(Task3)\nTask2(NULL)\nTask3(NULL)",
            "output": "Task0 Task1 Task2 Task3"
        }
    ],
    "template": {},
    "spj": null,
    "rule_type": "ACM",
    "source": "FATE_YO",
    "answers": []
}