{
    "display_id": 1079,
    "title": "\u6570\u5b57\u6e38\u620f",
    "description": {
        "format": "html",
        "value": "<p>\n\t\u4e01\u4e01\u6700\u8fd1\u6c89\u8ff7\u4e8e\u4e00\u4e2a\u6570\u5b57\u6e38\u620f\u4e4b\u4e2d\u3002\u8fd9\u4e2a\u6e38\u620f\u770b\u4f3c\u7b80\u5355\uff0c\u4f46\u4e01\u4e01\u5728\u7814\u7a76\u4e86\u8bb8\u591a\u5929\u4e4b\u540e\u5374\u53d1\u89c9\u539f\u6765\u5728\u7b80\u5355\u7684\u89c4\u5219\u4e0b\u60f3\u8981\u8d62\u5f97\u8fd9\u4e2a\u6e38\u620f\u5e76\u4e0d\u90a3\u4e48\u5bb9\u6613\u3002\u6e38\u620f\u662f\u8fd9\u6837\u7684\uff0c\u5728\u4f60\u9762\u524d\u6709\u4e00\u5708\u6574\u6570\uff08\u4e00\u5171n\u4e2a\uff09\uff0c\u4f60\u8981\u6309\u987a\u5e8f\u5c06\u5176\u5206\u4e3am\u4e2a\u90e8\u5206\uff0c\u5404\u90e8\u5206\u5185\u7684\u6570\u5b57\u76f8\u52a0\uff0c\u76f8\u52a0\u6240\u5f97\u7684m\u4e2a\u7ed3\u679c\u5bf910\u53d6\u6a21\u540e\u518d\u76f8\u4e58\uff0c\u6700\u7ec8\u5f97\u5230\u4e00\u4e2a\u6570k\u3002\u6e38\u620f\u7684\u8981\u6c42\u662f\u4f7f\u4f60\u6240\u5f97\u7684k\u6700\u5927\u6216\u8005\u6700\u5c0f\u3002\n</p>\n<p>\n\t\u4f8b\u5982\uff0c\u5bf9\u4e8e\u4e0b\u9762\u8fd9\u5708\u6570\u5b57\uff08n=4\uff0cm=2\uff09\uff1a\n</p>\n<p style=\"text-align:center;\">\n\t<img src=\"http://tk.hustoj.com:80/attached/image/20140113/20140113154549_88295.jpg\" alt=\"\" /> \n</p>\n<p style=\"text-align:left;\">\n\t\u5f53\u8981\u6c42\u6700\u5c0f\u503c\u65f6\uff0c((2-1) mod 10)\u00d7((4+3) mod 10)=1\u00d77=7\uff0c\u8981\u6c42\u6700\u5927\u503c\u65f6\uff0c\u4e3a((2+4+3) mod 10)\u00d7(-1 mod 10)=9\u00d79=81\u3002\u7279\u522b\u503c\u5f97\u6ce8\u610f\u7684\u662f\uff0c\u65e0\u8bba\u662f\u8d1f\u6570\u8fd8\u662f\u6b63\u6570\uff0c\u5bf910\u53d6\u6a21\u7684\u7ed3\u679c\u5747\u4e3a\u975e\u8d1f\u503c\u3002\n</p>\n<p style=\"text-align:left;\">\n\t\u4e01\u4e01\u8bf7\u4f60\u7f16\u5199\u7a0b\u5e8f\u5e2e\u4ed6\u8d62\u5f97\u8fd9\u4e2a\u6e38\u620f\u3002\n</p>\n<p style=\"text-align:left;\">\n\t<br />\n</p>"
    },
    "tags": [
        "FATE_YO"
    ],
    "input_description": {
        "format": "html",
        "value": "<p>\n\t\u8f93\u5165\u6587\u4ef6\u7b2c\u4e00\u884c\u6709\u4e24\u4e2a\u6574\u6570\uff0cn\uff081\u2264n\u226450\uff09\u548cm\uff081\u2264m\u22649\uff09\u3002\u4ee5\u4e0bn\u884c\u6bcf\u884c\u6709\u4e2a\u6574\u6570\uff0c\u5176\u7edd\u5bf9\u503c\u4e0d\u5927\u4e8e104\uff0c\u6309\u987a\u5e8f\u7ed9\u51fa\u5708\u4e2d\u7684\u6570\u5b57\uff0c\u9996\u5c3e\u76f8\u63a5\u3002\n</p>\n<p>\n\t<br />\n</p>"
    },
    "output_description": {
        "format": "html",
        "value": "<p>\n\t\u8f93\u51fa\u6587\u4ef6\u6709\u4e24\u884c\uff0c\u5404\u5305\u542b\u4e00\u4e2a\u975e\u8d1f\u6574\u6570\u3002\u7b2c\u4e00\u884c\u662f\u4f60\u7a0b\u5e8f\u5f97\u5230\u7684\u6700\u5c0f\u503c\uff0c\u7b2c\u4e8c\u884c\u662f\u6700\u5927\u503c\u3002\n</p>\n<p>\n\t<br />\n</p>"
    },
    "test_case_score": [
        {
            "score": 100,
            "input_name": "1.in",
            "output_name": "1.out"
        }
    ],
    "hint": {
        "format": "html",
        "value": ""
    },
    "time_limit": 1000,
    "memory_limit": 256,
    "samples": [
        {
            "input": "4 2\n4\n3\n-1\n2",
            "output": "7\n81"
        }
    ],
    "template": {},
    "spj": null,
    "rule_type": "ACM",
    "source": "FATE_YO",
    "answers": []
}