{
    "display_id": 1089,
    "title": "\u8f6c\u5708\u6e38\u620f\uff08Day 1\uff09",
    "description": {
        "format": "html",
        "value": "<p>\n\tn\u4e2a\u5c0f\u4f19\u4f34\uff08\u7f16\u53f7\u4ece0\u5230n-1\uff09\u56f4\u5750\u4e00\u5708\u73a9\u6e38\u620f\u3002\u6309\u7167\u987a\u65f6\u9488\u65b9\u5411\u7ed9n\u4e2a\u4f4d\u7f6e\u7f16\u53f7\uff0c\u4ece0\u5230n-1\u3002\u6700\u521d\uff0c\u7b2c0\u53f7\u5c0f\u4f19\u4f34\u5728\u7b2c0\u53f7\u4f4d\u7f6e\uff0c\u7b2c1\u53f7\u5c0f\u4f19\u4f34\u5728\u7b2c1\u53f7\u4f4d\u7f6e\uff0c...\uff0c\u4f9d\u6b64\u7c7b\u63a8\u3002\n</p>\n<p>\n\t\u6e38\u620f\u89c4\u5219\u5982\u4e0b\uff1a\u6bcf\u4e00\u8f6e\u7b2c0\u53f7\u4f4d\u7f6e\u4e0a\u7684\u5c0f\u4f19\u4f34\u987a\u65f6\u9488\u8d70\u5230\u7b2cm\u53f7\u4f4d\u7f6e\uff0c\u7b2c1\u53f7\u4f4d\u7f6e\u5c0f\u4f19\u4f34\u8d70\u5230\u7b2cm+1\u53f7\u4f4d\u7f6e\uff0c...\uff0c\u4f9d\u6b64\u7c7b\u63a8\uff0c\u7b2cn\u2212m\u53f7\u4f4d\u7f6e\u4e0a\u7684\u5c0f\u4f19\u4f34\u8d70\u5230\u7b2c0\u53f7\u4f4d\u7f6e\uff0c\u7b2cn-m+1\u53f7\u4f4d\u7f6e\u4e0a\u7684\u5c0f\u4f19\u4f34\u8d70\u5230\u7b2c1\u53f7\u4f4d\u7f6e\uff0c...\uff0c\u7b2cn-1\u53f7\u4f4d\u7f6e\u4e0a\u7684\u5c0f\u4f19\u4f34\u987a\u65f6\u9488\u8d70\u5230\u7b2cm-1\u53f7\u4f4d\u7f6e\u3002\n</p>\n<p>\n\t\u73b0\u5728\uff0c\u4e00\u5171\u8fdb\u884c\u4e8610<sup>k</sup>\u8f6e\uff0c\u8bf7\u95eex\u53f7\u5c0f\u4f19\u4f34\u6700\u540e\u8d70\u5230\u4e86\u7b2c\u51e0\u53f7\u4f4d\u7f6e\u3002\n</p>\n<p>\n\t<br />\n</p>"
    },
    "tags": [
        "FATE_YO"
    ],
    "input_description": {
        "format": "html",
        "value": "<p>\n\t\u6bcf\u7ec4\u8f93\u5165\u6570\u636e\u51711\u884c\uff0c\u5305\u542b4\u4e2a\u6574\u6570n\u3001m\u3001k\u3001x\uff0c\u6bcf\u4e24\u4e2a\u6574\u6570\u4e4b\u95f4\u7528\u4e00\u4e2a\u7a7a\u683c\u9694\u5f00\u3002\n</p>\n<p>\n\t<br />\n</p>\n<p>\n\t\u6570\u636e\u89c4\u6a21\uff1a\n</p>\n<p>\n\t\u5bf9\u4e8e30%\u7684\u6570\u636e\uff0c0&lt;k&lt;7\uff1b\n</p>\n<p>\n\t\u5bf9\u4e8e80%\u7684\u6570\u636e\uff0c0&lt;k&lt;10<sup>7</sup>\uff1b\n</p>\n<p>\n\t\u5bf9\u4e8e100%\u7684\u6570\u636e\uff0c1&lt;n&lt;1,000,000\uff0c0&lt;m&lt;n\uff0c0\u2264x&lt;n\uff0c0&lt;k&lt;10<sup>9</sup>\u3002\n</p>\n<p>\n\t<br />\n</p>"
    },
    "output_description": {
        "format": "html",
        "value": "<p>\n\t\u6bcf\u7ec4\u8f93\u51fa\u51711\u884c\uff0c\u5305\u542b1\u4e2a\u6574\u6570\uff0c\u8868\u793a10<sup>k</sup>\u8f6e\u540ex\u53f7\u5c0f\u4f19\u4f34\u6240\u5728\u7684\u4f4d\u7f6e\u7f16\u53f7\u3002\n</p>\n<p>\n\t<br />\n</p>"
    },
    "test_case_score": [
        {
            "score": 100,
            "input_name": "1.in",
            "output_name": "1.out"
        }
    ],
    "hint": {
        "format": "html",
        "value": ""
    },
    "time_limit": 1000,
    "memory_limit": 256,
    "samples": [
        {
            "input": "10 3 4 5",
            "output": "5"
        }
    ],
    "template": {},
    "spj": null,
    "rule_type": "ACM",
    "source": "FATE_YO",
    "answers": []
}