{
    "display_id": 1171,
    "title": "C\u8bed\u8a00\u7a0b\u5e8f\u8bbe\u8ba1\u6559\u7a0b\uff08\u7b2c\u4e09\u7248\uff09\u8bfe\u540e\u4e60\u989810.3",
    "description": {
        "format": "html",
        "value": "\u8f93\u516510\u4e2a\u6574\u6570\uff0c\u5c06\u5176\u4e2d\u6700\u5c0f\u7684\u6570\u4e0e\u7b2c\u4e00\u4e2a\u6570\u5bf9\u6362\uff0c\u628a\u6700\u5927\u7684\u6570\u4e0e\u6700\u540e\u4e00\u4e2a\u6570\u5bf9\u6362\u3002\u5199\u4e09\u4e2a\u51fd\u6570\uff1b \u2460\u8f93\u516510\u4e2a\u6570\uff1b\u2461\u8fdb\u884c\u5904\u7406\uff1b\u2462\u8f93\u51fa10\u4e2a\u6570\u3002\u4f7f\u7528\u6307\u9488"
    },
    "tags": [
        "FATE_YO"
    ],
    "input_description": {
        "format": "html",
        "value": "10\u4e2a\u6574\u6570"
    },
    "output_description": {
        "format": "html",
        "value": "\u6574\u7406\u540e\u7684\u5341\u4e2a\u6570\uff0c\u6bcf\u4e2a\u6570\u540e\u8ddf\u4e00\u4e2a\u7a7a\u683c\uff08\u6ce8\u610f\u6700\u540e\u4e00\u4e2a\u6570\u540e\u4e5f\u6709\u7a7a\u683c\uff09"
    },
    "test_case_score": [
        {
            "score": 100,
            "input_name": "1.in",
            "output_name": "1.out"
        }
    ],
    "hint": {
        "format": "html",
        "value": ""
    },
    "time_limit": 1000,
    "memory_limit": 256,
    "samples": [
        {
            "input": "2 1 3 4 5 6 7 8 10 9",
            "output": "1 2 3 4 5 6 7 8 9 10"
        }
    ],
    "template": {},
    "spj": null,
    "rule_type": "ACM",
    "source": "FATE_YO",
    "answers": []
}