{
    "display_id": 1137,
    "title": "\u4e60\u98985-12 \u7334\u5b50\u5403\u6843\u95ee\u9898",
    "description": {
        "format": "html",
        "value": "\u7334\u5b50\u7b2c1\u586b\u6458\u4e0b\u82e5\u5e72\u6843\u5b50\uff0c\u5f53\u5373\u5403\u4e86\u4e00\u534a\uff0c\u8fd8\u89c9\u7740\u4e0d\u8fc7\u763e\uff0c\u53c8\u591a\u5403\u4e86\u4e00\u4e2a\u3002\u7b2c2\u5929\u65e9\u6668\uff0c\u53c8\u5c06\u5269\u4e0b\u7684\u6843\u5b50\u5403\u6389\u4e00\u534a\uff0c\u53c8\u591a\u5403\u4e86\u4e00\u4e2a\u3002\u4ee5\u540e\u6bcf\u5929\u65e9\u6668\u90fd\u5403\u4e86\u524d\u4e00\u5929\u5269\u4e0b\u7684\u4e00\u534a\u96f6\u4e00\u4e2a\u3002\u5230\u7b2c10\u5929\u65e9\u4e0a\u60f3\u518d\u5403\u65f6\uff0c\u53d1\u73b0\u5c31\u53ea\u5269\u4e00\u4e2a\u6843\u5b50\u4e86\u3002\u6c42\u7b2c1\u5929\u5171\u6458\u4e86\u591a\u5c11\u4e2a\u6843\u5b50\u3002"
    },
    "tags": [
        "FATE_YO"
    ],
    "input_description": {
        "format": "html",
        "value": "\u65e0"
    },
    "output_description": {
        "format": "html",
        "value": "\u4e00\u4e2a\u6574\u6570\uff0c\u672b\u5c3e\u6362\u884c\u3002"
    },
    "test_case_score": [
        {
            "score": 100,
            "input_name": "1.in",
            "output_name": "1.out"
        }
    ],
    "hint": {
        "format": "html",
        "value": ""
    },
    "time_limit": 1000,
    "memory_limit": 256,
    "samples": [
        {
            "input": "\u65e0",
            "output": "1534"
        }
    ],
    "template": {},
    "spj": null,
    "rule_type": "ACM",
    "source": "FATE_YO",
    "answers": []
}