{
    "display_id": 1037,
    "title": "C\u8bed\u8a00\u7a0b\u5e8f\u8bbe\u8ba1\u6559\u7a0b\uff08\u7b2c\u4e09\u7248\uff09\u8bfe\u540e\u4e60\u98986.8",
    "description": {
        "format": "html",
        "value": "\u6709\u4e00\u5206\u6570\u5e8f\u5217\uff1a 2/1 3/2 5/3 8/5 13/8 21/13...... \u6c42\u51fa\u8fd9\u4e2a\u6570\u5217\u7684\u524dN\u9879\u4e4b\u548c\uff0c\u4fdd\u7559\u4e24\u4f4d\u5c0f\u6570\u3002"
    },
    "tags": [
        "FATE_YO"
    ],
    "input_description": {
        "format": "html",
        "value": "N"
    },
    "output_description": {
        "format": "html",
        "value": "\u6570\u5217\u524dN\u9879\u548c"
    },
    "test_case_score": [
        {
            "score": 100,
            "input_name": "1.in",
            "output_name": "1.out"
        }
    ],
    "hint": {
        "format": "html",
        "value": ""
    },
    "time_limit": 1000,
    "memory_limit": 256,
    "samples": [
        {
            "input": "10",
            "output": "16.48"
        }
    ],
    "template": {},
    "spj": null,
    "rule_type": "ACM",
    "source": "FATE_YO",
    "answers": []
}