{
    "display_id": 1209,
    "title": "\u5b57\u7b26\u578b\u6570\u636e\u4e0eASCII\u7801\u5b9e\u9a8c",
    "description": {
        "format": "html",
        "value": "<p>\n\t<span style=\"font-family:SimSun;\">\u4f53\u9a8c\u5b57\u7b26\u578b\u6570\u636e\u4ee5\u53caASCII\u7801</span> \n</p>\n<p>\n\t<span style=\"font-family:SimSun;\">\u8bf7\u6839\u636e\u4ee5\u4e0b\u8981\u6c42\u7f16\u7a0b</span> \n</p>\n<p>\n\t<table style=\"width:300px;\" border=\"1\" cellspacing=\"0\" bordercolor=\"#000000\" cellpadding=\"2\">\n\t\t<tbody>\n\t\t\t<tr>\n\t\t\t\t<td>\n\t\t\t\t\t<p>\n\t\t\t\t\t\t<span style=\"font-family:SimSun;\">\u5b9a\u4e49 c1 c2 c3 c4 c5 \u4e94\u4e2a\u5b57\u7b26\u578b\u53d8\u91cf</span> \n\t\t\t\t\t</p>\n\t\t\t\t\t<p>\n\t\t\t\t\t\t<span style=\"font-family:SimSun;\">\u5c06\u5927\u5199\u7b26\u201cZ\u201d\u4fdd\u5b58\u5230\u53d8\u91cfc1</span> \n\t\t\t\t\t</p>\n\t\t\t\t\t<p>\n\t\t\t\t\t\t<span style=\"font-family:SimSun;\">\u5c06\u6570\u503c65\u4fdd\u5b58\u5230\u53d8\u91cfc2</span> \n\t\t\t\t\t</p>\n\t\t\t\t\t<p>\n\t\t\t\t\t\t<span style=\"font-family:SimSun;\">\u8ba1\u7b97c2+1\u7684\u503c\u5e76\u4fdd\u5b58\u5230\u53d8\u91cfc3</span> \n\t\t\t\t\t</p>\n\t\t\t\t\t<p>\n\t\t\t\t\t\t<span style=\"font-family:SimSun;\">\u5c06\u6570\u503c97\u4fdd\u5b58\u5230\u53d8\u91cfc4</span> \n\t\t\t\t\t</p>\n\t\t\t\t\t<p>\n\t\t\t\t\t\t<span style=\"font-family:SimSun;\">\u5c06\u6570\u503c48\u4fdd\u5b58\u5230\u53d8\u91cfc5</span> \n\t\t\t\t\t</p>\n\t\t\t\t\t<p>\n\t\t\t\t\t\t<span style=\"font-family:SimSun;\">\u4e0d\u6362\u884c\u8fde\u7eed\u8f93\u51fac1\uff0cc2\uff0cc3\uff0cc4\uff0cc5\u53d8\u91cf\u7684\u503c</span> \n\t\t\t\t\t</p>\n\t\t\t\t</td>\n\t\t\t</tr>\n\t\t</tbody>\n\t</table>\n</p>\n<p>\n\t<span style=\"font-family:SimSun;\">\u90e8\u5206\u6837\u4f8b\u8f93\u51fa</span> \n</p>\n<p>\n\t<span style=\"font-family:SimSun;\">ZAB</span> \n</p>\n<p>\n\t<span style=\"font-family:SimSun;\">\u63d0\u793a\uff1a</span> \n</p>\n<p>\n\t<span style=\"font-family:SimSun;\">\u5b57\u7b26\u5e38\u91cf\u5fc5\u987b\u7528\u4e00\u5bf9\u82f1\u6587\u5355\u5f15\u53f7\u62ec\u8d77\u6765\u3002\u4f8b\u5982 a='i'; b='J';\u7b49</span> \n</p>\n<p>\n\t<span style=\"font-family:SimSun;\">\u601d\u8003\uff1a\u5927\u5199\u5b57\u7b26A\u7684\u7f16\u7801\u662f\u591a\u5c11\uff1f\u5c0f\u5199\u5b57\u7b26a\u7684\u7f16\u7801\u662f\u591a\u5c11\uff1f\u5927\u5199\u7f16\u53f7\u5728\u524d\u8fd8\u662f\u5c0f\u5199\u7f16\u53f7\u5728\u524d\uff1f\u6570\u5b571\u7684\u7f16\u7801\u662f\u591a\u5c11\uff1f</span> \n</p>\n<p>\n\t<span style=\"font-family:SimSun;\">\u5b57\u7b26\u578b\u53d8\u91cf\u80fd\u5b58\u653e\u591a\u4e2a\u5b57\u7b26\u5417\uff1f\u4f8b\u5982&nbsp;c1='abc';</span><span style=\"font-family:SimSun;\">&nbsp;</span> \n</p>"
    },
    "tags": [
        "FATE_YO"
    ],
    "input_description": {
        "format": "html",
        "value": "\u65e0"
    },
    "output_description": {
        "format": "html",
        "value": "\u65e0"
    },
    "test_case_score": [
        {
            "score": 100,
            "input_name": "1.in",
            "output_name": "1.out"
        }
    ],
    "hint": {
        "format": "html",
        "value": "<p>\n\t&nbsp;\n</p>"
    },
    "time_limit": 1000,
    "memory_limit": 256,
    "samples": [
        {
            "input": "\u65e0",
            "output": "\u65e0"
        }
    ],
    "template": {},
    "spj": null,
    "rule_type": "ACM",
    "source": "FATE_YO",
    "answers": []
}