{
    "display_id": 1099,
    "title": "\u7279\u6b8a\u7684\u6570\u5b57",
    "description": {
        "format": "html",
        "value": "<span style=\"font-size:16px;\">153\u662f\u4e00\u4e2a\u975e\u5e38\u7279\u6b8a\u7684\u6570\uff0c\u5b83\u7b49\u4e8e\u5b83\u7684\u6bcf\u4f4d\u6570\u5b57\u7684\u7acb\u65b9\u548c\uff0c\u5373153=1*1*1+5*5*5+3*3*3\u3002\u7f16\u7a0b\u6c42\u6240\u6709\u6ee1\u8db3\u8fd9\u79cd\u6761\u4ef6\u7684\u4e09\u4f4d\u5341\u8fdb\u5236\u6570\u3002</span>"
    },
    "tags": [
        "FATE_YO"
    ],
    "input_description": {
        "format": "html",
        "value": "\u65e0"
    },
    "output_description": {
        "format": "html",
        "value": "<span style=\"font-size:16px;\">\u6309\u4ece\u5c0f\u5230\u5927\u7684\u987a\u5e8f\u8f93\u51fa\u6ee1\u8db3\u6761\u4ef6\u7684\u4e09\u4f4d\u5341\u8fdb\u5236\u6570\uff0c\u6bcf\u4e2a\u6570\u5360\u4e00\u884c\u3002</span>"
    },
    "test_case_score": [
        {
            "score": 100,
            "input_name": "1.in",
            "output_name": "1.out"
        }
    ],
    "hint": {
        "format": "html",
        "value": ""
    },
    "time_limit": 1000,
    "memory_limit": 256,
    "samples": [
        {
            "input": "\u65e0",
            "output": "\u65e0"
        }
    ],
    "template": {},
    "spj": null,
    "rule_type": "ACM",
    "source": "FATE_YO",
    "answers": []
}