{
    "display_id": 1118,
    "title": "\u6709\u5047\u5e01",
    "description": {
        "format": "html",
        "value": "\u5c45\u7136\u6709\u5047\u5e01\uff01\uff01\uff01\n\u4e8b\u60c5\u662f\u8fd9\u6837\u7684\uff0c\u73b0\u5728\u732a\u8089\u6da8\u4e86\uff0c\u4f46\u662f\u519c\u6c11\u7684\u5de5\u8d44\u5374\u4e0d\u89c1\u6da8\u554a\uff0c\u6ca1\u94b1\u600e\u4e48\u4e70\u732a\u8089\u554a\u3002\u6e0a\u5b50\u8fd9\u5c31\u53bb\u4e70\u732a\u8089\uff0c\u7ed3\u679c\u627e\u6765\u7684\u96f6\u94b1\u4e2d\u6709\u5047\u5e01\uff01\uff01\uff01\u53ef\u60dc\u6e0a\u5b50\u4e00\u4e0d\u5c0f\u5fc3\u628a\u5b83\u6df7\u8fdb\u4e86\u4e00\u5806\u771f\u5e01\u91cc\u9762\u53bb\u4e86\u3002\u73b0\u5728\u77e5\u9053\u5047\u5e01\u7684\u91cd\u91cf\u6bd4\u771f\u5e01\u7684\u8d28\u91cf\u8981\u8f7b\u3002\u7ed9\u4f60\u4e00\u4e2a\u5929\u5e73\uff0c\u8bf7\u7528\u6700\u5feb\u7684\u65f6\u95f4\u628a\u90a3\u4e2a\u53ef\u6076\u7684\u5047\u5e01\u627e\u51fa\u6765\u3002"
    },
    "tags": [
        "FATE_YO"
    ],
    "input_description": {
        "format": "html",
        "value": "1\u2264n\u22642<sup>30</sup>,\u8f93\u51650\u7ed3\u675f\u7a0b\u5e8f\u3002"
    },
    "output_description": {
        "format": "html",
        "value": "\u6700\u5c11\u8981\u79f0\u51e0\u6b21\u4e00\u5b9a\u80fd\u628a\u90a3\u4e2a\u5047\u5e01\u627e\u51fa\u6765\u3002"
    },
    "test_case_score": [
        {
            "score": 100,
            "input_name": "1.in",
            "output_name": "1.out"
        }
    ],
    "hint": {
        "format": "html",
        "value": "\u793a\u4f8b1\u4e2d\u5171\u67093\u679a\u786c\u5e01\uff0c\u6240\u4ee5\u4efb\u610f\u53d62\u4e2a\u653e\u5929\u5e73\u4e0a\u79f0\u91cf\u4e00\u4e0b\u3002\n\u56e0\u4e3a\u5047\u5e01\u7684\u91cd\u91cf\u6bd4\u8f83\u8f7b\u3002\n<ul><li>\u5982\u679c\u5929\u5e73\u4e0d\u5e73\u8861\uff0c\u5219\u8f83\u8f7b\u7684\u90a3\u679a\u5c31\u662f\u5047\u5e01\u3002\n<li>\u5982\u679c\u5929\u5e73\u5e73\u8861\uff0c\u5219\u8bf4\u660e\u8fd9\u4e24\u679a\u786c\u5e01\u90fd\u662f\u771f\u7684\uff0c\u800c\u5269\u4e0b\u90a3\u679a\u662f\u5047\u5e01\u3002</ul>"
    },
    "time_limit": 1000,
    "memory_limit": 256,
    "samples": [
        {
            "input": "3\n12\n0",
            "output": "1\n3"
        }
    ],
    "template": {},
    "spj": null,
    "rule_type": "ACM",
    "source": "FATE_YO",
    "answers": []
}