{
    "display_id": 1103,
    "title": "C\u8bed\u8a00\u7a0b\u5e8f\u8bbe\u8ba1\u6559\u7a0b\uff08\u7b2c\u4e09\u7248\uff09\u8bfe\u540e\u4e60\u98987.3",
    "description": {
        "format": "html",
        "value": "<p>\u6c42\u4e00\u4e2a3&times;3\u77e9\u9635\u5bf9\u89d2\u7ebf\u5143\u7d20\u4e4b\u548c\u3002 </p>"
    },
    "tags": [
        "FATE_YO"
    ],
    "input_description": {
        "format": "html",
        "value": "\u77e9\u9635"
    },
    "output_description": {
        "format": "html",
        "value": "\u4e3b\u5bf9\u89d2\u7ebf \u526f\u5bf9\u89d2\u7ebf \u5143\u7d20\u548c"
    },
    "test_case_score": [
        {
            "score": 100,
            "input_name": "1.in",
            "output_name": "1.out"
        }
    ],
    "hint": {
        "format": "html",
        "value": ""
    },
    "time_limit": 1000,
    "memory_limit": 256,
    "samples": [
        {
            "input": "1 2 3\n1 1 1\n3 2 1",
            "output": "3 7"
        }
    ],
    "template": {},
    "spj": null,
    "rule_type": "ACM",
    "source": "FATE_YO",
    "answers": []
}