{
    "display_id": 1073,
    "title": "\u6392\u4e09\u89d2\u5f62",
    "description": {
        "format": "html",
        "value": "<p class=\"MsoBodyTextIndent\">\n\t\u5c06<span>1</span>\uff0c<span>2</span>\uff0c\u00b7\u00b7\u00b7\u00b7\u00b7\u00b7<span>,9</span>\u5171<span>9</span>\u4e2a\u6570\u6392\u6210\u4e0b\u5217\u5f62\u6001\u7684\u4e09\u89d2\u5f62\u3002\n</p>\n<p class=\"MsoBodyTextIndent\">\n\t<span>&nbsp;&nbsp;&nbsp;&nbsp;&nbsp;&nbsp;&nbsp;&nbsp;&nbsp;&nbsp;&nbsp;&nbsp;&nbsp;&nbsp;&nbsp;&nbsp;&nbsp;&nbsp;&nbsp;&nbsp;&nbsp;&nbsp;&nbsp;\na</span> \n</p>\n<p class=\"MsoBodyTextIndent\">\n\t<span>&nbsp;&nbsp;&nbsp;&nbsp;&nbsp;&nbsp;&nbsp;&nbsp;&nbsp;&nbsp;&nbsp;&nbsp;&nbsp;&nbsp;&nbsp;&nbsp;&nbsp;&nbsp;&nbsp;&nbsp;\nb&nbsp;&nbsp;&nbsp;&nbsp;&nbsp; c</span> \n</p>\n<p class=\"MsoBodyTextIndent\">\n\t<span>&nbsp;&nbsp;&nbsp;&nbsp;&nbsp;&nbsp;&nbsp;&nbsp;&nbsp;&nbsp;&nbsp;&nbsp;&nbsp;&nbsp;&nbsp;&nbsp;&nbsp;\nd&nbsp;&nbsp;&nbsp;&nbsp;&nbsp; &nbsp;&nbsp;&nbsp;&nbsp;&nbsp;&nbsp;e</span> \n</p>\n<p class=\"MsoBodyTextIndent\">\n\t<span>&nbsp;&nbsp;&nbsp;&nbsp;&nbsp;&nbsp;&nbsp;&nbsp;&nbsp;&nbsp;&nbsp;&nbsp;&nbsp;&nbsp;&nbsp;\nf&nbsp;&nbsp;&nbsp;&nbsp; g&nbsp;&nbsp;&nbsp;&nbsp; h&nbsp;&nbsp;&nbsp;&nbsp;\ni</span> \n</p>\n<p class=\"MsoBodyTextIndent\">\n\t<span>&nbsp;&nbsp;&nbsp; </span> \n</p>\n<p class=\"MsoBodyTextIndent\">\n\t<span>&nbsp;&nbsp;&nbsp; </span>\u5176\u4e2d\uff1a<span>a</span>\uff5e<span>i</span>\u5206\u522b\u8868\u793a<span>1</span>\uff0c<span>2</span>\uff0c\u00b7\u00b7\u00b7\u00b7\u00b7\u00b7<span>,9</span>\u4e2d\u7684\u4e00\u4e2a\u6570\u5b57\uff0c\u5e76\u8981\u6c42\u540c\u65f6\u6ee1\u8db3\u4e0b\u5217\u6761\u4ef6\uff1a<span></span> \n</p>\n<p class=\"MsoList2\" style=\"margin-left:0cm;text-indent:0cm;\">\n\t<span>&nbsp;&nbsp;&nbsp; </span>\uff08<span>1</span>\uff09<span>a&lt;f&lt;i;</span> \n</p>\n<p class=\"MsoList2\" style=\"margin-left:0cm;text-indent:0cm;\">\n\t<span>&nbsp;&nbsp;&nbsp; </span>\uff08<span>2</span>\uff09<span>b&lt;d, g&lt;h, c&lt;e</span> \n</p>\n<p>\n\t&nbsp;&nbsp;&nbsp; \uff083\uff09a+b+d+f=f+g+h+i=i+e+c+a=P\n</p>\n<p>\n\t<br />\n</p>\n<p class=\"MsoBodyTextFirstIndent2\" style=\"margin-left:81.0pt;text-indent:-81.0pt;\">\n\t\u7a0b\u5e8f\u8981\u6c42\uff1a<span></span> \n</p>\n<p class=\"MsoBodyTextFirstIndent2\" style=\"margin-left:81.0pt;text-indent:-81.0pt;\">\n\t<span>&nbsp;&nbsp;&nbsp;&nbsp;&nbsp; </span>\u6839\u636e\u8f93\u5165\u7684\u8fb9\u957f\u4e4b\u548c<span>P\uff0c</span><span style=\"line-height:1.5;\">\u8f93\u51fa\u6240\u6709\u6ee1\u8db3\u4e0a\u8ff0\u6761\u4ef6\u7684\u4e09\u89d2\u5f62\u7684\u4e2a\u6570\u3002</span> \n</p>\n<p class=\"MsoBodyTextFirstIndent2\" style=\"margin-left:81.0pt;text-indent:-81.0pt;\">\n\t<span style=\"line-height:1.5;\"><br />\n</span> \n</p>\n<p>\n\t<br />\n</p>"
    },
    "tags": [
        "FATE_YO"
    ],
    "input_description": {
        "format": "html",
        "value": "<p>\n\t\u6bcf\u4e2a\u6d4b\u8bd5\u6587\u4ef6\u53ea\u5305\u542b\u4e00\u7ec4\u6d4b\u8bd5\u6570\u636e\uff0c\u6bcf\u7ec4\u8f93\u5165\u4e00\u4e2a\u6574\u6570P\uff0c\u8868\u793a\u8fb9\u957f\u4e4b\u548c\u3002\n</p>\n<p>\n\t<br />\n</p>"
    },
    "output_description": {
        "format": "html",
        "value": "<p>\n\t\u5bf9\u4e8e\u6bcf\u7ec4\u8f93\u5165\u6570\u636e\uff0c<span>\u8f93\u51fa\u6240\u6709\u6ee1\u8db3\u4e0a\u8ff0\u6761\u4ef6\u7684\u4e09\u89d2\u5f62\u7684\u4e2a\u6570\u3002</span> \n</p>\n<p>\n\t<span>\u5982\u679c\u65e0\u89e3\uff0c\u5219\u8f93\u51fa\"Not exist\"\uff08\u5f15\u53f7\u4e0d\u8f93\u51fa\uff09\u3002</span> \n</p>\n<p>\n\t<span><br />\n</span> \n</p>"
    },
    "test_case_score": [
        {
            "score": 100,
            "input_name": "1.in",
            "output_name": "1.out"
        }
    ],
    "hint": {
        "format": "html",
        "value": ""
    },
    "time_limit": 1000,
    "memory_limit": 256,
    "samples": [
        {
            "input": "23",
            "output": "2"
        }
    ],
    "template": {},
    "spj": null,
    "rule_type": "ACM",
    "source": "FATE_YO",
    "answers": []
}