{
    "display_id": 1116,
    "title": "\u7edf\u8ba1\u76f4\u89d2\u4e2a\u6570",
    "description": {
        "format": "html",
        "value": "<span style=\"font-family:\u5b8b\u4f53;font-size:12pt;\">\u8f93\u5165</span><span style=\"font-family:'Times New Roman';font-size:12pt;\">10</span><span style=\"font-family:\u5b8b\u4f53;font-size:12pt;\">\u4e2a\u89d2\u7684\u5ea6\u6570</span><span style=\"font-family:'Times New Roman';font-size:12pt;\">a</span><span style=\"font-family:\u5b8b\u4f53;font-size:12pt;\">\uff0c\u5148\u5224\u65ad\u8fd9\u4e2a\u89d2\u662f\u5426\u662f\u76f4\u89d2\uff0c\u5982\u679c\u662f\u5c31\u7edf\u8ba1\u76f4\u89d2\u7684\u4e2a\u6570</span><span style=\"font-family:'Times New Roman';font-size:12pt;\">r</span><span style=\"font-family:\u5b8b\u4f53;font-size:12pt;\">\uff01</span>"
    },
    "tags": [
        "FATE_YO"
    ],
    "input_description": {
        "format": "html",
        "value": "10\u4e2a\u6574\u6570"
    },
    "output_description": {
        "format": "html",
        "value": "\u4e00\u4e2a\u6574\u6570"
    },
    "test_case_score": [
        {
            "score": 100,
            "input_name": "1.in",
            "output_name": "1.out"
        }
    ],
    "hint": {
        "format": "html",
        "value": ""
    },
    "time_limit": 1000,
    "memory_limit": 256,
    "samples": [
        {
            "input": "30 90 45 60 90 90 25 145 270 90",
            "output": "4"
        }
    ],
    "template": {},
    "spj": null,
    "rule_type": "ACM",
    "source": "FATE_YO",
    "answers": []
}