{
    "display_id": 1216,
    "title": "\u7ec4\u5408\u8fd0\u7b97\u7b26\uff08\u590d\u5408\u8fd0\u7b97\u7b26\uff09\u5b9e\u9a8c",
    "description": {
        "format": "html",
        "value": "<p>\n\t<span style=\"font-family:SimSun;\">\u6309\u4ee5\u4e0b\u8981\u6c42\u7f16\u7a0b\u3002\u8bf7\u4f7f\u7528\u5408\u9002\u7684\u53d8\u91cf\u7c7b\u578b</span> \n</p>\n<table style=\"width:500px;\" border=\"1\" cellspacing=\"2\" bordercolor=\"#000000\">\n\t<tbody>\n\t\t<tr>\n\t\t\t<td>\n\t\t\t\t<p>\n\t\t\t\t\t<span style=\"font-family:SimSun;\">\u628a10\u8d4b\u503c\u7ed9\u6574\u578b\u53d8\u91cfa</span> \n\t\t\t\t</p>\n\t\t\t\t<p>\n\t\t\t\t\t<span style=\"font-family:SimSun;\">\u8f93\u51fa\u201ca: </span><span style=\"font-family:SimSun;\">\u201d\u4ee5\u53ca\u53d8\u91cfa\u7684\u503c\u5e76\u6362\u884c</span> \n\t\t\t\t</p>\n\t\t\t\t<p>\n\t\t\t\t\t<span style=\"font-family:SimSun;\">\u628a\u53d8\u91cfa\u589e\u52a05</span> \n\t\t\t\t</p>\n\t\t\t\t<p>\n\t\t\t\t\t<span style=\"font-family:SimSun;\">\u8f93\u51fa\u201ca+5: \u201d\u4ee5\u53ca\u53d8\u91cfa\u7684\u503c\u5e76\u6362\u884c</span> \n\t\t\t\t</p>\n\t\t\t\t<p>\n\t\t\t\t\t<span style=\"font-family:SimSun;\">\u7528++\u547d\u4ee4\u628a\u53d8\u91cfa\u9012\u589e1</span> \n\t\t\t\t</p>\n\t\t\t\t<p>\n\t\t\t\t\t<span style=\"font-family:SimSun;\">\u8f93\u51fa\u201ca++: \u201d\u4ee5\u53ca\u53d8\u91cfa\u7684\u503c\u5e76\u6362\u884c</span> \n\t\t\t\t</p>\n\t\t\t\t<p>\n\t\t\t\t\t<span style=\"font-family:SimSun;\">\u7528+=\u547d\u4ee4\u628a\u53d8\u91cfa\u9012\u589e5</span> \n\t\t\t\t</p>\n\t\t\t\t<p>\n\t\t\t\t\t<span style=\"font-family:SimSun;\">\u8f93\u51fa\u201ca+=5: \u201d\u4ee5\u53ca\u53d8\u91cfa\u7684\u503c\u5e76\u6362\u884c</span> \n\t\t\t\t</p>\n\t\t\t\t<p>\n\t\t\t\t\t<span style=\"font-family:SimSun;\">&nbsp;</span> \n\t\t\t\t</p>\n\t\t\t\t<p>\n\t\t\t\t\t<span style=\"font-family:SimSun;\">\u628a50\u8d4b\u503c\u7ed9\u6574\u578b\u53d8\u91cfb</span> \n\t\t\t\t</p>\n\t\t\t\t<p>\n\t\t\t\t\t<span style=\"font-family:SimSun;\">\u8f93\u51fa\u201cb: \u201d\u4ee5\u53ca\u53d8\u91cfb\u7684\u503c\u5e76\u6362\u884c</span> \n\t\t\t\t</p>\n\t\t\t\t<p>\n\t\t\t\t\t<span style=\"font-family:SimSun;\">\u5c06\u53d8\u91cfb\u7684\u503c\u51cf\u5c1110</span> \n\t\t\t\t</p>\n\t\t\t\t<p>\n\t\t\t\t\t<span style=\"font-family:SimSun;\"><span style=\"font-family:SimSun;\">\u8f93\u51fa\u201cb-10: \u201d\u4ee5\u53ca\u53d8\u91cfb\u7684\u503c\u5e76\u6362\u884c</span> \n\t\t\t\t</p>\n</span> \n\t\t\t\t<p>\n\t\t\t\t\t<span style=\"font-family:SimSun;\">\u7528--\u547d\u4ee4\u628a\u53d8\u91cfb\u9012\u51cf1</span> \n\t\t\t\t</p>\n\t\t\t\t<p>\n\t\t\t\t\t<span style=\"font-family:SimSun;\">\u8f93\u51fa\u201cb--: \u201d\u4ee5\u53ca\u53d8\u91cfb\u7684\u503c\u5e76\u6362\u884c</span> \n\t\t\t\t</p>\n\t\t\t\t<p>\n\t\t\t\t\t<span style=\"font-family:SimSun;\">\u7528-=\u547d\u4ee4\u628a\u53d8\u91cfb\u9012\u51cf10</span> \n\t\t\t\t</p>\n\t\t\t\t<p>\n\t\t\t\t\t<span style=\"font-family:SimSun;\">\u8f93\u51fa\u201cb-=10: \u201d\u4ee5\u53ca\u53d8\u91cfb\u7684\u503c\u5e76\u6362\u884c</span> \n\t\t\t\t</p>\n\t\t\t\t<p>\n\t\t\t\t\t<span style=\"font-family:SimSun;\"></span>\n\t\t\t\t</p>\n\t\t\t</td>\n\t\t</tr>\n\t</tbody>\n</table>\n<p>\n\t<span style=\"font-family:SimSun;\">&nbsp;</span><span style=\"font-family:SimSun;\"> \u63d0\u793a\uff1a</span> \n</p>\n<p>\n\t<span style=\"font-family:SimSun;\">\u6ce8\u610f\u4f53\u4f1a ++ -- += -=\u7684\u4f5c\u7528</span> \n</p>\n<p>\n\t<span style=\"font-family:SimSun;\">\u6ce8\u610f\u8f93\u51fa\u65f6\u201ca: </span><span style=\"font-family:SimSun;\">\u201d \u5192\u53f7\u540e\u9762\u6709\u4e00\u4e2a\u7a7a\u683c</span> \n</p>"
    },
    "tags": [
        "FATE_YO"
    ],
    "input_description": {
        "format": "html",
        "value": "\u65e0"
    },
    "output_description": {
        "format": "html",
        "value": "\u65e0"
    },
    "test_case_score": [
        {
            "score": 100,
            "input_name": "1.in",
            "output_name": "1.out"
        }
    ],
    "hint": {
        "format": "html",
        "value": ""
    },
    "time_limit": 1000,
    "memory_limit": 256,
    "samples": [
        {
            "input": "\u65e0",
            "output": "\u65e0"
        }
    ],
    "template": {},
    "spj": null,
    "rule_type": "ACM",
    "source": "FATE_YO",
    "answers": []
}