{
    "display_id": 1145,
    "title": "\u660e\u660e\u7684\u6b65\u884c",
    "description": {
        "format": "html",
        "value": "<span style=\"font-size:14px;background-color:#F5F5F5;font-family:\u5b8b\u4f53;line-height:21px;\">\u5c0f\u660e\u662f\u4e00\u4e2a\u5f88\u4f1a\u5229\u7528\u65f6\u95f4\u7684\u5b66\u751f\uff0c\u4ed6\u7ecf\u5e38\u665a\u4e0a\u5403\u8fc7\u996d\u540e\u4e00\u8fb9\u601d\u8003\u95ee\u9898\u4e00\u8fb9\u6563\u6b65\uff0c\u7531\u4e8e\u8981\u601d\u8003\u95ee\u9898\uff0c\u5e76\u4e14\u601d\u8003\u95ee\u9898\u7684\u5185\u5bb9\u8d8a\u6765\u8d8a\u591a\uff0c\u6240\u4ee5\u4ed6\u5728\u6563\u6b65\u65f6\u4e5f\u662f\u8d8a\u6765\u8d8a\u6162\u7684\uff0c\u4ed6\u81ea\u5df1\u603b\u7ed3\u51fa\u4e00\u4e2a\u89c4\u5f8b\uff0c\u4ed6\u6563\u6b65\u65f6\u7b2c\u4e00\u6b65\u8d70</span><span style=\"font-family:'Microsoft Yahei';font-size:14px;background-color:#F5F5F5;line-height:21px;\">N</span><span style=\"font-size:14px;background-color:#F5F5F5;font-family:\u5b8b\u4f53;line-height:21px;\">\u5398\u7c73\uff0c\u7b2c\u4e8c\u6b65\u8d70</span><span style=\"font-family:'Microsoft Yahei';font-size:14px;background-color:#F5F5F5;line-height:21px;\">N-1</span><span style=\"font-size:14px;background-color:#F5F5F5;font-family:\u5b8b\u4f53;line-height:21px;\">\u5398\u7c73\uff0c\u4ee5\u540e\u6bcf\u6b65\u6bd4\u524d\u4e00\u6b65\u5c11</span><span style=\"font-family:'Microsoft Yahei';font-size:14px;background-color:#F5F5F5;line-height:21px;\">1</span><span style=\"font-size:14px;background-color:#F5F5F5;font-family:\u5b8b\u4f53;line-height:21px;\">\u5398\u7c73\uff0c\u6700\u540e\u4e00\u6b65\u662f</span><span style=\"font-family:'Microsoft Yahei';font-size:14px;background-color:#F5F5F5;line-height:21px;\">0</span><span style=\"font-size:14px;background-color:#F5F5F5;font-family:\u5b8b\u4f53;line-height:21px;\">\u65f6\u5c31\u505c\u4e0b\u6765\u4e86\u3002\u73b0\u5728\u7ed9\u51fa\u4f60\u5c0f\u660e\u7b2c\u4e00\u6b65\u8d70\u7684\u957f\u5ea6</span><span style=\"font-family:'Microsoft Yahei';font-size:14px;background-color:#F5F5F5;line-height:21px;\">N</span><span style=\"font-size:14px;background-color:#F5F5F5;font-family:\u5b8b\u4f53;line-height:21px;\">\u5398\u7c73\uff0c\u8bf7\u4f60\u7b97\u51fa\u5c0f\u660e\u8fd9\u6b21\u6563\u6b65\u4e00\u5171\u8d77\u4e86\u591a\u5c11\u5398\u7c73\u3002\u5982\u5c0f\u660e\u7b2c\u4e00\u6b65\u8d70</span><span style=\"font-family:'Microsoft Yahei';font-size:14px;background-color:#F5F5F5;line-height:21px;\">3</span><span style=\"font-size:14px;background-color:#F5F5F5;font-family:\u5b8b\u4f53;line-height:21px;\">\u5398\u7c73\uff0c\u5219\u7b2c\u4e8c\u6b65\u8d70</span><span style=\"font-family:'Microsoft Yahei';font-size:14px;background-color:#F5F5F5;line-height:21px;\">2</span><span style=\"font-size:14px;background-color:#F5F5F5;font-family:\u5b8b\u4f53;line-height:21px;\">\u5398\u7c73\uff0c\u7b2c\u4e09\u6b65\u8d70</span><span style=\"font-family:'Microsoft Yahei';font-size:14px;background-color:#F5F5F5;line-height:21px;\">1</span><span style=\"font-size:14px;background-color:#F5F5F5;font-family:\u5b8b\u4f53;line-height:21px;\">\u5398\u7c73\uff0c\u7136\u540e\u5c31\u505c\u4e0b\u6765\u4e86\uff0c\u5219\u5c0f\u660e\u8fd9\u6b21\u6563\u6b65\u5171\u8d70\u4e86</span><span style=\"font-family:'Microsoft Yahei';font-size:14px;background-color:#F5F5F5;line-height:21px;\">3+2+1=6</span><span style=\"font-size:14px;background-color:#F5F5F5;font-family:\u5b8b\u4f53;line-height:21px;\">\uff08\u5398\u7c73\uff09\u3002</span>"
    },
    "tags": [
        "FATE_YO"
    ],
    "input_description": {
        "format": "html",
        "value": "<span style=\"font-family:'Microsoft Yahei';font-size:14px;line-height:28px;background-color:#F5F5F5;\">3</span>"
    },
    "output_description": {
        "format": "html",
        "value": "<span style=\"font-family:'Microsoft Yahei';font-size:14px;line-height:28px;background-color:#F5F5F5;\">6</span>"
    },
    "test_case_score": [
        {
            "score": 100,
            "input_name": "1.in",
            "output_name": "1.out"
        }
    ],
    "hint": {
        "format": "html",
        "value": ""
    },
    "time_limit": 1000,
    "memory_limit": 256,
    "samples": [
        {
            "input": "\u65e0",
            "output": "\u65e0"
        }
    ],
    "template": {},
    "spj": null,
    "rule_type": "ACM",
    "source": "FATE_YO",
    "answers": []
}