{
    "display_id": 1044,
    "title": "\u3010C\u8bed\u8a00\u8bad\u7ec3\u3011\u5b57\u7b26\u4e32\u6b63\u53cd\u8fde\u63a5",
    "description": {
        "format": "html",
        "value": "<p>\n\t<span>\u6240\u7ed9\u5b57\u7b26\u4e32\u6b63\u5e8f\u548c\u53cd\u5e8f\u8fde\u63a5\uff0c\u5f62\u6210\u65b0\u4e32\u5e76\u8f93\u51fa</span>\n</p>"
    },
    "tags": [
        "FATE_YO"
    ],
    "input_description": {
        "format": "html",
        "value": "<p>\n\t<span>\u4efb\u610f\u5b57\u7b26\u4e32\uff08\u957f\u5ea6&lt;=50\uff09</span>\n</p>"
    },
    "output_description": {
        "format": "html",
        "value": "<p>\n\t<span>\u5b57\u7b26\u4e32\u6b63\u5e8f\u548c\u53cd\u5e8f\u8fde\u63a5\u6240\u6210\u7684\u65b0\u5b57\u7b26\u4e32</span>\n</p>"
    },
    "test_case_score": [
        {
            "score": 100,
            "input_name": "1.in",
            "output_name": "1.out"
        }
    ],
    "hint": {
        "format": "html",
        "value": ""
    },
    "time_limit": 1000,
    "memory_limit": 256,
    "samples": [
        {
            "input": "123abc",
            "output": "123abccba321"
        }
    ],
    "template": {},
    "spj": null,
    "rule_type": "ACM",
    "source": "FATE_YO",
    "answers": []
}