{
    "display_id": 1151,
    "title": "\u94b1\u5e01\u5151\u63621",
    "description": {
        "format": "html",
        "value": "<p>\n\t\u3010\u95ee\u9898\u63cf\u8ff0\u3011\n</p>\n<p>\n\t\u628a\u4e00\u5f20\u4e00\u5143\u949e\u7968\u6362\u62101\u5206\u30012\u5206\u548c5\u5206\u7684\u786c\u5e01\uff0c\u6bcf\u79cd\u81f3\u5c111\u679a\uff0c\u95ee\u6709\u51e0\u79cd\u6362\u6cd5\uff1f\n</p>\n<p>\n\t\u3010\u8f93\u51fa\u683c\u5f0f\u3011\n</p>\n<p>\n\t\u4e00\u884c\uff0c\u8868\u793a\u6709\u591a\u5c11\u79cd\n</p>"
    },
    "tags": [
        "FATE_YO"
    ],
    "input_description": {
        "format": "html",
        "value": "\u65e0"
    },
    "output_description": {
        "format": "html",
        "value": "\u65e0"
    },
    "test_case_score": [
        {
            "score": 100,
            "input_name": "1.in",
            "output_name": "1.out"
        }
    ],
    "hint": {
        "format": "html",
        "value": ""
    },
    "time_limit": 1000,
    "memory_limit": 256,
    "samples": [
        {
            "input": "\u65e0",
            "output": "\u65e0"
        }
    ],
    "template": {},
    "spj": null,
    "rule_type": "ACM",
    "source": "FATE_YO",
    "answers": []
}