{
    "display_id": 1115,
    "title": "\u6c42\u6574\u548c",
    "description": {
        "format": "html",
        "value": "&nbsp;\n<div class=\"O\">\n\t<div>\n\t\t<span style=\"font-family:\u5b8b\u4f53;color:blue;font-size:20pt;\">\u8f93\u5165</span><span style=\"color:blue;font-size:20pt;\">10</span><span style=\"font-family:\u5b8b\u4f53;color:blue;font-size:20pt;\">\u4e2a\u6574\u6570</span><span style=\"color:blue;font-size:20pt;\">,</span><span style=\"font-family:\u5b8b\u4f53;color:blue;font-size:20pt;\">\u6c42\u4ed6\u4eec\u7684\u548c. </span>\n\t</div>\n\t<div>\n\t\t<span style=\"color:blue;font-size:20pt;\"><span></span></span><span style=\"font-family:\u5b8b\u4f53;color:blue;font-size:20pt;\">\u8f93\u5165</span><span style=\"color:blue;font-size:20pt;\">10</span><span style=\"font-family:\u5b8b\u4f53;color:blue;font-size:20pt;\">\u884c</span><span style=\"color:blue;font-size:20pt;\">,</span><span style=\"font-family:\u5b8b\u4f53;color:blue;font-size:20pt;\">\u6bcf\u884c\u4e00\u4e2a\u6574\u6570. </span>\n\t</div>\n\t<div>\n\t\t<span style=\"font-family:\u5b8b\u4f53;color:blue;font-size:20pt;\">\u8f93\u51fa\u4e00\u884c</span><span style=\"color:blue;font-size:20pt;\">,</span><span style=\"font-family:\u5b8b\u4f53;color:blue;font-size:20pt;\">\u4e00\u4e2a\u6574\u6570</span><span style=\"color:blue;font-size:20pt;\">. </span>\n\t</div>\n\t<div>\n\t</div>\n</div>"
    },
    "tags": [
        "FATE_YO"
    ],
    "input_description": {
        "format": "html",
        "value": "\u65e0"
    },
    "output_description": {
        "format": "html",
        "value": "\u65e0"
    },
    "test_case_score": [
        {
            "score": 100,
            "input_name": "1.in",
            "output_name": "1.out"
        }
    ],
    "hint": {
        "format": "html",
        "value": ""
    },
    "time_limit": 1000,
    "memory_limit": 256,
    "samples": [
        {
            "input": "10\n10\n10\n10\n10\n20\n20\n20\n20\n20",
            "output": "150"
        }
    ],
    "template": {},
    "spj": null,
    "rule_type": "ACM",
    "source": "FATE_YO",
    "answers": []
}