{
    "display_id": 1111,
    "title": "[\u8bed\u8a00\u8fc7\u5173]\u914d\u5bf9",
    "description": {
        "format": "html",
        "value": "<p style=\"font-family:'Microsoft Yahei';font-size:14px;background-color:#F5F5F5;\">\n\t\u7ed9\u51fa2\u4e2a\u5e8f\u5217A={a[1]\uff0ca[2]\uff0c\u2026\uff0ca[n]}\uff0cB={b[1]\uff0cb[2]\uff0c\u2026\uff0cb[n]}\uff0c\u4eceA\u3001B\u4e2d\u5404\u9009\u51fan\u4e2a\u5143\u7d20\u8fdb\u884c\u4e00\u4e00\u914d\u5bf9\uff08\u53ef\u4ee5\u4e0d\u6309\u7167\u539f\u6765\u5728\u5e8f\u5217\u4e2d\u7684\u987a\u5e8f\uff09\uff0c\u5e76\u4f7f\u5f97\u6240\u6709\u914d\u5bf9\u5143\u7d20\u5dee\u7684\u7edd\u5bf9\u503c\u4e4b\u548c\u6700\u5927\u3002\n</p>\n<h3 style=\"font-family:'Microsoft Yahei';background-color:#F5F5F5;\">\n\t\u8f93\u5165\u683c\u5f0f\n</h3>\n<p style=\"font-family:'Microsoft Yahei';font-size:14px;background-color:#F5F5F5;\">\n\t\u8f93\u5165\u7684\u7b2c1\u884c\u4e3a1\u4e2a\u6574\u6570n \u7b2c2\u884c\u5305\u542bn\u4e2a\u6574\u6570\uff0c\u9898\u76ee\u4e2d\u7684A\u5e8f\u5217\u3002&nbsp; \u7b2c3\u884c\u5305\u542bn\u4e2a\u6574\u6570\uff0c\u9898\u76ee\u4e2d\u7684B\u5e8f\u5217\u3002&nbsp;\n</p>\n<h3 style=\"font-family:'Microsoft Yahei';background-color:#F5F5F5;\">\n\t\u8f93\u51fa\n</h3>\n<p style=\"font-family:'Microsoft Yahei';font-size:14px;background-color:#F5F5F5;\">\n\t\u4e00\u4e2a\u6570\uff0c\u6700\u5927\u914d\u5bf9\n</p>\n<h3 style=\"font-family:'Microsoft Yahei';background-color:#F5F5F5;\">\n\t\u6837\u4f8b\u8f93\u5165\n</h3>\n<p style=\"font-family:'Microsoft Yahei';font-size:14px;background-color:#F5F5F5;\">\n\t<span style=\"font-family:'Lucida Console';\">4<br />\n2&nbsp;5&nbsp;6&nbsp;3<br />\n1&nbsp;4&nbsp;6&nbsp;7<br />\n</span> \n</p>\n<h3 style=\"font-family:'Microsoft Yahei';background-color:#F5F5F5;\">\n\t\u6837\u4f8b\u8f93\u51fa\n</h3>\n<p style=\"font-family:'Microsoft Yahei';font-size:14px;background-color:#F5F5F5;\">\n\t<span style=\"font-family:'Lucida Console';\">14</span> \n</p>"
    },
    "tags": [
        "FATE_YO"
    ],
    "input_description": {
        "format": "html",
        "value": "\u65e0"
    },
    "output_description": {
        "format": "html",
        "value": "\u65e0"
    },
    "test_case_score": [
        {
            "score": 100,
            "input_name": "1.in",
            "output_name": "1.out"
        }
    ],
    "hint": {
        "format": "html",
        "value": ""
    },
    "time_limit": 1000,
    "memory_limit": 256,
    "samples": [
        {
            "input": "\u65e0",
            "output": "\u65e0"
        }
    ],
    "template": {},
    "spj": null,
    "rule_type": "ACM",
    "source": "FATE_YO",
    "answers": []
}