{
    "display_id": 1045,
    "title": "\u3010C\u8bed\u8a00\u8bad\u7ec3\u3011\u6570\u5b57\u6bcd",
    "description": {
        "format": "html",
        "value": "<p>\n\t<span>\u8f93\u5165\u4e00\u4e2a\u5b57\u7b26\u4e32,\u6570\u51fa\u5176\u4e2d\u7684\u5b57\u6bcd\u7684\u4e2a\u6570.</span>\n</p>"
    },
    "tags": [
        "FATE_YO"
    ],
    "input_description": {
        "format": "html",
        "value": "<p>\n\t<span>\u4e00\u4e2a\u5b57\u7b26\u4e32\uff0c\u4e0d\u5305\u542b\u7a7a\u683c\uff08\u957f\u5ea6\u5c0f\u4e8e100\uff09</span>\n</p>"
    },
    "output_description": {
        "format": "html",
        "value": "<p>\n\t<span>\u5b57\u7b26\u4e32\u4e2d\u7684\u5b57\u6bcd\u7684\u4e2a\u6570</span>\n</p>"
    },
    "test_case_score": [
        {
            "score": 100,
            "input_name": "1.in",
            "output_name": "1.out"
        }
    ],
    "hint": {
        "format": "html",
        "value": ""
    },
    "time_limit": 1000,
    "memory_limit": 256,
    "samples": [
        {
            "input": "124lfdk54AIEJ92854&%$GJ",
            "output": "10"
        }
    ],
    "template": {},
    "spj": null,
    "rule_type": "ACM",
    "source": "FATE_YO",
    "answers": []
}