{
    "display_id": 1194,
    "title": "\u90ae\u7968",
    "description": {
        "format": "html",
        "value": "<div>\n\t\u67d0\u4eba\u67098 \u89d2\u7684\u90ae\u79685 \u5f20\uff0c1 \u5143\u7684\u90ae\u79684 \u5f20\uff0c1 \u51438 \u89d2\u7684\u90ae\u79686 \u5f20\uff0c\u7528\u8fd9\u4e9b\u90ae\u7968\u4e2d\u7684\u4e00\u5f20\u6216\u82e5\u5e72\u5f20\u53ef\u4ee5\u5f97\u5230\u591a\u5c11\u4e2d\u4e0d\u540c\u7684\u90ae\u8d44\uff1f\n</div>"
    },
    "tags": [
        "FATE_YO"
    ],
    "input_description": {
        "format": "html",
        "value": "<p>\n\t\u65e0\n</p>"
    },
    "output_description": {
        "format": "html",
        "value": "<p>\n\t&nbsp;\u8f93\u51fa\u4e00\u884c\uff0c\u8868\u793a\u9898\u76ee\u6240\u6c42\u3002\n</p>"
    },
    "test_case_score": [
        {
            "score": 100,
            "input_name": "1.in",
            "output_name": "1.out"
        }
    ],
    "hint": {
        "format": "html",
        "value": ""
    },
    "time_limit": 1000,
    "memory_limit": 256,
    "samples": [
        {
            "input": "\u65e0",
            "output": "\u65e0"
        }
    ],
    "template": {},
    "spj": null,
    "rule_type": "ACM",
    "source": "FATE_YO",
    "answers": []
}