{
    "display_id": 1160,
    "title": "C\u8bed\u8a00\u7a0b\u5e8f\u8bbe\u8ba1\u6559\u7a0b\uff08\u7b2c\u4e09\u7248\uff09\u8bfe\u540e\u4e60\u98988.9",
    "description": {
        "format": "html",
        "value": "\u7f16\u5199\u4e00\u51fd\u6570count\uff0c\u7531\u5b9e\u53c2\u4f20\u6765\u4e00\u4e2a\u5b57\u7b26\u4e32\uff0c\u7edf\u8ba1\u6b64\u5b57\u7b26\u4e32\u4e2d\u5b57\u6bcd\u3001\u6570\u5b57\u3001\u7a7a\u683c\u548c\u5176\u5b83\u5b57\u7b26\u7684\u4e2a\u6570\uff0c\u5728\u4e3b\u51fd\u6570\u4e2d\u8f93\u5165\u5b57\u7b26\u4e32\u4ee5\u53ca\u8f93\u51fa\u4e0a\u8ff0\u7ed3\u679c\u3002 \u53ea\u8981\u7ed3\u679c\uff0c\u522b\u8f93\u51fa\u4ec0\u4e48\u63d0\u793a\u4fe1\u606f\u3002"
    },
    "tags": [
        "FATE_YO"
    ],
    "input_description": {
        "format": "html",
        "value": "\u4e00\u884c\u5b57\u7b26\u4e32"
    },
    "output_description": {
        "format": "html",
        "value": "\u7edf\u8ba1\u6570\u636e\uff0c4\u4e2a\u6570\u5b57\uff0c\u7a7a\u683c\u5206\u5f00\u3002"
    },
    "test_case_score": [
        {
            "score": 100,
            "input_name": "1.in",
            "output_name": "1.out"
        }
    ],
    "hint": {
        "format": "html",
        "value": ""
    },
    "time_limit": 1000,
    "memory_limit": 256,
    "samples": [
        {
            "input": "!@#$%^QWERT    1234567",
            "output": "5 7 4 6"
        }
    ],
    "template": {},
    "spj": null,
    "rule_type": "ACM",
    "source": "FATE_YO",
    "answers": []
}