{
    "display_id": 1098,
    "title": "\u8f93\u51fa\u5c0f\u6570\u8ba1\u7b97\u7b97\u5f0fII",
    "description": {
        "format": "html",
        "value": "<span style=\"color:#333333;font-family:Monaco, Menlo, Consolas, 'Courier New', monospace;font-size:13px;line-height:20px;background-color:#FFFFFF;\">\u8ba1\u7b971.47\u00d7(32.54-32.1)\u7684\u503c\uff0c\u8f93\u51fa\u6574\u4e2a\u8ba1\u7b97\u516c\u5f0f\uff0c\u8ba1\u7b97\u7ed3\u679c\u4fdd\u75594\u4f4d\u5c0f\u6570\uff0c\u53c2\u4e0e\u8fd0\u7b97\u7684\u6570\u4fdd\u7559\u539f\u672c\u7684\u6709\u6548\u4f4d\u6570\u3002</span><br />\n<span style=\"color:#333333;font-family:Monaco, Menlo, Consolas, 'Courier New', monospace;font-size:13px;line-height:20px;background-color:#FFFFFF;\"><strong>\u8f93\u51fa\u8ba1\u7b97\u516c\u5f0f\u540e\u518d\u8f93\u51fa\u4e00\u4e2a\u6362\u884c\u7b26\u3002</strong></span>"
    },
    "tags": [
        "FATE_YO"
    ],
    "input_description": {
        "format": "html",
        "value": "<span style=\"color:#333333;font-family:Monaco, Menlo, Consolas, 'Courier New', monospace;font-size:13px;line-height:20px;background-color:#FFFFFF;\">\u672c\u9898\u65e0\u8f93\u5165\u3002</span>"
    },
    "output_description": {
        "format": "html",
        "value": "<span style=\"color:#333333;font-family:Monaco, Menlo, Consolas, 'Courier New', monospace;font-size:13px;line-height:20px;background-color:#FFFFFF;\">\u5199\u4e00\u4e2a\u7a0b\u5e8f\uff0c\u8ba1\u7b971.47*(32.54-32.1)\u503c\uff0c\u5e76\u5728\u8ba1\u7b97\u673a\u5c4f\u5e55\u4e0a\u8f93\u51fa\u3002</span><span style=\"font-family:Monaco, Menlo, Consolas, 'Courier New', monospace;font-size:13px;line-height:20px;background-color:#FFFFFF;color:#FF0000;\"><strong>\u7ed3\u679c\u4fdd\u75594\u4f4d\u5c0f\u6570\u3002</strong></span><br />\n<strong>\u8981\u6c42\u8f93\u51fa\u7ed3\u679c\u540e\u518d\u8f93\u51fa\u4e00\u4e2a\u6362\u884c\u7b26\u3002</strong>"
    },
    "test_case_score": [
        {
            "score": 100,
            "input_name": "1.in",
            "output_name": "1.out"
        }
    ],
    "hint": {
        "format": "html",
        "value": ""
    },
    "time_limit": 1000,
    "memory_limit": 256,
    "samples": [
        {
            "input": "\u672c\u9898\u65e0\u8f93\u5165\u6837\u4f8b",
            "output": "1.47*(32.54-32.1)=0.6468"
        }
    ],
    "template": {},
    "spj": null,
    "rule_type": "ACM",
    "source": "FATE_YO",
    "answers": []
}