{
    "display_id": 1152,
    "title": "\u7eb8\u5e01\u5151\u6362",
    "description": {
        "format": "html",
        "value": "<p>\n\t\u3010\u95ee\u9898\u63cf\u8ff0\u3011\n</p>\n<p>\n\t\u5c0f\u660e\u60f3\u5c06\u624b\u4e2d\u76841\u5f20\u9762\u503c100\u5143\u7684\u4eba\u6c11\u5e01\u6362\u621010\u5143\u30015\u5143\u548c1\u5143\u9762\u503c\u7684\u4eba\u6c11\u5e01\uff0c\u8981\u6c42\u6362\u6210\u6b63\u597d\u662f40\u5f20\uff0c\u4e14\u6bcf\u79cd\u4eba\u6c11\u5e01\u81f3\u5c11\u4e00\u5f20\uff0c\u95ee\u6709\u51e0\u79cd\u6362\u6cd5\uff1f\uff0c\u5206\u522b\u662f\u90a3\u51e0\u79cd\uff1f\n</p>\n<p>\n\t\u3010\u8f93\u51fa\u683c\u5f0f\u3011\n</p>\n<p>\n\t\u591a\u884c\uff0c\u5148\u8f93\u51fa\u90a3\u51e0\u79cd\uff0c\u6bcf\u4e00\u79cd\u4e00\u884c\uff08\u630910\uff0c5\u5143\uff0c1\u5143\u7684\u987a\u5e8f\u8f93\u51fa\uff09\n</p>\n<p>\n\t\u6700\u540e\u4e00\u884c\u662f\u51e0\u79cd\u6362\u6cd5\n</p>\n<p>\n\t<br />\n</p>\n<p>\n\t\u3010\u63d0\u793a\u3011\u9002\u5f53\u8003\u8651\u51cf\u5c11\u91cd\u590d\u6b21\u6570\u3002\n</p>"
    },
    "tags": [
        "FATE_YO"
    ],
    "input_description": {
        "format": "html",
        "value": "\u65e0"
    },
    "output_description": {
        "format": "html",
        "value": "\u65e0"
    },
    "test_case_score": [
        {
            "score": 100,
            "input_name": "1.in",
            "output_name": "1.out"
        }
    ],
    "hint": {
        "format": "html",
        "value": ""
    },
    "time_limit": 1000,
    "memory_limit": 256,
    "samples": [
        {
            "input": "\u65e0",
            "output": "\u65e0"
        }
    ],
    "template": {},
    "spj": null,
    "rule_type": "ACM",
    "source": "FATE_YO",
    "answers": []
}