{
    "display_id": 1105,
    "title": "\u3010\u57fa\u7840\u9898\u3011\u518d\u6b21\u6362\u949e\u7968",
    "description": {
        "format": "html",
        "value": "<p>\n\t<strong>\u4e0a\u673a\u7ec3\u4e604.4.8 &nbsp; &nbsp; &nbsp;</strong>\u67d0\u4eba\u60f3\u5c06\u624b\u4e2d\u7684\u4e00\u5f20\u9762\u503c100\u5143\u7684\u4eba\u6c11\u5e01\u6362\u621010\u5143\u30015\u5143\u30012\u5143\u548c1\u5143\u9762\u503c\u7684\u7968\u5b50\u3002\u8981\u6c42\u6362\u6b63\u597d40\u5f20\uff0c\u4e14\u6bcf\u79cd\u7968\u5b50\u81f3\u5c11\u4e00\u5f20\u3002\u95ee\uff1a\u6709\u51e0\u79cd\u6362\u6cd5\uff1f\u5e94\u9002\u5f53\u8003\u8651\u51cf\u5c11\u91cd\u590d\u6b21\u6570\u3002\n</p>\n<p>\n\t<br />\n</p>"
    },
    "tags": [
        "FATE_YO"
    ],
    "input_description": {
        "format": "html",
        "value": "<p>\n\t\u65e0\u8f93\u5165\u3002\n</p>\n<p>\n\t<br />\n</p>"
    },
    "output_description": {
        "format": "html",
        "value": "<p>\n\t\u4e00\u4e2a\u6570\uff0c\u8868\u793a\u5171\u6709\u591a\u5c11\u79cd\u6362\u6cd5\u3002\n</p>\n<p>\n\t<br />\n</p>"
    },
    "test_case_score": [
        {
            "score": 100,
            "input_name": "1.in",
            "output_name": "1.out"
        }
    ],
    "hint": {
        "format": "html",
        "value": ""
    },
    "time_limit": 1000,
    "memory_limit": 256,
    "samples": [
        {
            "input": "\u65e0",
            "output": "\u65e0"
        }
    ],
    "template": {},
    "spj": null,
    "rule_type": "ACM",
    "source": "FATE_YO",
    "answers": []
}