{
    "display_id": 1102,
    "title": "\u3010\u57fa\u7840\u9898\u3011\u6362\u949e\u7968",
    "description": {
        "format": "html",
        "value": "<p>\n\t<strong>\u4e0a\u673a\u7ec3\u4e604.4.6 &nbsp; &nbsp; </strong>\u628a\u4e00\u5f20\u4e00\u5143\u949e\u7968\u6362\u6210\u4e00\u5206\uff0c\u4e8c\u5206\u548c\u4e94\u5206\u7684\u786c\u5e01\uff0c\u6bcf\u79cd\u81f3\u5c11\u4e00\u679a\u3002\u95ee\u6709\u54ea\u51e0\u79cd\u6362\u6cd5\uff1f\n</p>\n<p>\n\t<br />\n</p>\n<p>\n\t<br />\n</p>"
    },
    "tags": [
        "FATE_YO"
    ],
    "input_description": {
        "format": "html",
        "value": "<p>\n\t\u65e0\u8f93\u5165\u3002\n</p>\n<p>\n\t<br />\n</p>"
    },
    "output_description": {
        "format": "html",
        "value": "<p>\n\t\u4e00\u4e2a\u6574\u6570\uff0c\u8868\u793a\u603b\u5171\u591a\u5c11\u79cd\u6362\u6cd5\u3002\n</p>\n<p>\n\t<br />\n</p>"
    },
    "test_case_score": [
        {
            "score": 100,
            "input_name": "1.in",
            "output_name": "1.out"
        }
    ],
    "hint": {
        "format": "html",
        "value": ""
    },
    "time_limit": 1000,
    "memory_limit": 256,
    "samples": [
        {
            "input": "\u65e0",
            "output": "\u65e0"
        }
    ],
    "template": {},
    "spj": null,
    "rule_type": "ACM",
    "source": "FATE_YO",
    "answers": []
}