{
    "display_id": 1130,
    "title": "\u6253\u5370\u4e58\u6cd5\u53e3\u8bc0",
    "description": {
        "format": "html",
        "value": "<p class=\"MsoNormal\">\n\t<span style=\"font-family:\u5b8b\u4f53;font-size:14pt;\">\u8f93\u5165\u4e00\u4e2a\u6574\u6570</span><span style=\"font-size:14pt;\">n</span><span style=\"font-family:\u5b8b\u4f53;font-size:14pt;\">\uff08</span><span style=\"font-size:14pt;\">1&lt;=n&lt;=9</span><span style=\"font-family:\u5b8b\u4f53;font-size:14pt;\">\uff09</span><span style=\"font-size:14pt;\">,</span><span style=\"font-family:\u5b8b\u4f53;font-size:14pt;\">\u8f93\u51fa</span><span style=\"font-size:14pt;\">1</span><span style=\"font-family:\u5b8b\u4f53;font-size:14pt;\">\u2014\u2014</span><span style=\"font-size:14pt;\">n</span><span style=\"font-family:\u5b8b\u4f53;font-size:14pt;\">\u7684\u4e58\u6cd5\u53e3\u8bc0\u8868\u3002</span><span style=\"font-size:14pt;\"></span>\n</p>\n<p class=\"MsoNormal\">\n\t<span style=\"font-family:\u5b8b\u4f53;\">\u8f93\u5165</span><span>5 </span>\n</p>\n<p class=\"MsoNormal\">\n\t<span style=\"font-family:\u5b8b\u4f53;\">\u8f93\u51fa</span>\n</p>\n<p class=\"MsoNormal\">\n\t<span>1*1=1</span>\n</p>\n<p class=\"MsoNormal\">\n\t<span>1*2=2<span>&nbsp; </span>2*2=4</span>\n</p>\n<p class=\"MsoNormal\">\n\t<span>1*3=3<span>&nbsp; </span>2*3=6<span>&nbsp; </span>3*3=9</span>\n</p>\n<p class=\"MsoNormal\">\n\t<span>1*4=4<span>&nbsp; </span>2*4=8<span>&nbsp; </span>3*4=12<span>&nbsp; </span>4*4=16</span>\n</p>\n<p class=\"MsoNormal\">\n\t<span>1*5=5<span>&nbsp; </span>2*5=10<span>&nbsp; </span>3*5=15<span>&nbsp; </span>4*5=20<span>&nbsp; </span>5*5=25</span>\n</p>"
    },
    "tags": [
        "FATE_YO"
    ],
    "input_description": {
        "format": "html",
        "value": "\u65e0"
    },
    "output_description": {
        "format": "html",
        "value": "\u65e0"
    },
    "test_case_score": [
        {
            "score": 100,
            "input_name": "1.in",
            "output_name": "1.out"
        }
    ],
    "hint": {
        "format": "html",
        "value": ""
    },
    "time_limit": 1000,
    "memory_limit": 256,
    "samples": [
        {
            "input": "\u65e0",
            "output": "\u65e0"
        }
    ],
    "template": {},
    "spj": null,
    "rule_type": "ACM",
    "source": "FATE_YO",
    "answers": []
}