{
    "display_id": 1084,
    "title": "\u5b88\u671b\u8005\u7684\u9003\u79bb",
    "description": {
        "format": "html",
        "value": "<p>\n\t\u6076\u9b54\u730e\u624b\u5c24\u8fea\u5b89\u91ce\u5fc3\u52c3\u52c3\uff0c\u4ed6\u80cc\u53db\u4e86\u6697\u591c\u7cbe\u7075\uff0c\u7387\u9886\u6df1\u85cf\u5728\u6d77\u5e95\u7684\u5a1c\u8fe6\u65cf\u4f01\u56fe\u53db\u53d8\u3002\u5b88\u671b\u8005\u5728\u4e0e\u5c24\u8fea\u5b89\u7684\u4ea4\u950b\u4e2d\u906d\u9047\u4e86\u56f4\u6740\uff0c\u88ab\u56f0\u5728\u4e00\u4e2a\u8352\u829c\u7684\u5927\u5c9b\u4e0a\u3002\u4e3a\u4e86\u6740\u6b7b\u5b88\u671b\u8005\uff0c\u5c24\u8fea\u5b89\u5f00\u59cb\u5bf9\u8fd9\u4e2a\u8352\u5c9b\u65bd\u5492\uff0c\u8fd9\u5ea7\u5c9b\u5f88\u5feb\u5c31\u4f1a\u6c89\u4e0b\u53bb\u3002\u5230\u90a3\u65f6\uff0c\u5c9b\u4e0a\u7684\u6240\u6709\u4eba\u90fd\u4f1a\u9047\u96be\u3002\u5b88\u671b\u8005\u7684\u8dd1\u6b65\u901f\u5ea6\u4e3a17m/s\uff0c\u4ee5\u8fd9\u6837\u7684\u901f\u5ea6\u662f\u65e0\u6cd5\u9003\u79bb\u8352\u5c9b\u7684\u3002\u5e86\u5e78\u7684\u662f\u5b88\u671b\u8005\u62e5\u6709\u95ea\u70c1\u6cd5\u672f\uff0c\u53ef\u57281s\u5185\u79fb\u52a860m\uff0c\u4e0d\u8fc7\u6bcf\u6b21\u4f7f\u7528\u95ea\u70c1\u6cd5\u672f\u90fd\u4f1a\u6d88\u8017\u9b54\u6cd5\u503c10\u70b9\u3002\u5b88\u671b\u8005\u7684\u9b54\u6cd5\u503c\u6062\u590d\u7684\u901f\u5ea6\u4e3a4\u70b9/s\uff0c\u53ea\u6709\u5904\u5728\u539f\u5730\u4f11\u606f\u72b6\u6001\u65f6\u624d\u80fd\u6062\u590d\u3002\n</p>\n<p>\n\t\u73b0\u5728\u5df2\u77e5\u5b88\u671b\u8005\u7684\u9b54\u6cd5\u521d\u503cM\uff0c\u4ed6\u6240\u5728\u7684\u521d\u59cb\u4f4d\u7f6e\u4e0e\u5c9b\u7684\u51fa\u53e3\u4e4b\u95f4\u7684\u8ddd\u79bbS\uff0c\u5c9b\u6c89\u6ca1\u7684\u65f6\u95f4T\u3002\u4f60\u7684\u4efb\u52a1\u662f\u5199\u4e00\u4e2a\u7a0b\u5e8f\u5e2e\u52a9\u5b88\u671b\u8005\u8ba1\u7b97\u5982\u4f55\u5728\u6700\u77ed\u7684\u65f6\u95f4\u5185\u9003\u79bb\u8352\u5c9b\uff0c\u82e5\u4e0d\u80fd\u9003\u51fa\uff0c\u5219\u8f93\u51fa\u5b88\u671b\u8005\u5728\u5269\u4e0b\u7684\u65f6\u95f4\u5185\u80fd\u8d70\u7684\u6700\u8fdc\u8ddd\u79bb\u3002\u6ce8\u610f\uff1a\u5b88\u671b\u8005\u8dd1\u6b65\u3001\u95ea\u70c1\u6216\u4f11\u606f\u6d3b\u52a8\u5747\u4ee5\u79d2\uff08s\uff09\u4e3a\u5355\u4f4d\uff0c\u4e14\u6bcf\u6b21\u6d3b\u52a8\u7684\u6301\u7eed\u65f6\u95f4\u4e3a\u6574\u6570\u79d2\u3002\u8ddd\u79bb\u7684\u5355\u4f4d\u4e3a\uff08m\uff09\u3002\n</p>\n<p>\n\t<br />\n</p>"
    },
    "tags": [
        "FATE_YO"
    ],
    "input_description": {
        "format": "html",
        "value": "<p>\n\t\u6bcf\u7ec4\u8f93\u5165\u6570\u636e\u4ec5\u4e00\u884c\uff0c\u5305\u62ec\u7a7a\u683c\u9694\u5f00\u7684\u4e09\u4e2a\u975e\u8d1f\u6574\u6570M\uff0cS\uff0cT\u3002\n</p>\n<p>\n\t<br />\n</p>\n<p>\n\t<span style=\"line-height:1.5;\">\u6570\u636e\u89c4\u6a21\uff1a</span>\n</p>\n<p>\n\t30%\u7684\u6570\u636e\u6ee1\u8db31&lt;=T&lt;=10\uff0c1&lt;=S&lt;=100\uff1b\n</p>\n<p>\n\t50%\u7684\u6570\u636e\u6ee1\u8db31&lt;=T&lt;=1000\uff0c1&lt;=S&lt;=10000\uff1b\n</p>\n<p>\n\t100%\u7684\u6570\u636e\u6ee1\u8db31&lt;=T&lt;=300000\uff0c0&lt;=M&lt;=1000\uff0c1&lt;=S&lt;=10<sup>8</sup>\n</p>\n<p>\n\t<sup><br />\n</sup>\n</p>"
    },
    "output_description": {
        "format": "html",
        "value": "\u6bcf\u7ec4\u8f93\u51fa\u5305\u542b\u4e24\u884c\uff1a<br />\n<p>\n\t<span style=\"line-height:1.5;\">\u7b2c1\u884c\u4e3a\u5b57\u7b26\u4e32\u201cYes\u201d\u6216\u201cNo\u201d\uff08\u533a\u5206\u5927\u5c0f\u5199\uff09\uff0c\u5373\u5b88\u671b\u8005\u662f\u5426\u80fd\u9003\u79bb\u8352\u5c9b\u3002</span> \n</p>\n\u7b2c2\u884c\u5305\u542b\u4e00\u4e2a\u6574\u6570\u3002\u7b2c\u4e00\u884c\u4e3a\u201cYes\u201d\uff08\u533a\u5206\u5927\u5c0f\u5199\uff09\u65f6\u8868\u793a\u5b88\u671b\u8005\u9003\u79bb\u8352\u5c9b\u7684\u6700\u77ed\u65f6\u95f4\uff1b<br />\n<p>\n\t<span style=\"line-height:1.5;\">\u7b2c\u4e00\u884c\u4e3a\u201cNo\u201d\uff08\u533a\u5206\u5927\u5c0f\u5199\uff09\u65f6\u8868\u793a\u5b88\u671b\u8005\u80fd\u8d70\u7684\u6700\u8fdc\u8ddd\u79bb\u3002</span> \n</p>\n<p>\n\t<span style=\"line-height:1.5;\"><br />\n</span> \n</p>"
    },
    "test_case_score": [
        {
            "score": 100,
            "input_name": "1.in",
            "output_name": "1.out"
        }
    ],
    "hint": {
        "format": "html",
        "value": ""
    },
    "time_limit": 1000,
    "memory_limit": 256,
    "samples": [
        {
            "input": "39 200 4\n\n36 255 10",
            "output": "No\n197\n\nYes\n6"
        }
    ],
    "template": {},
    "spj": null,
    "rule_type": "ACM",
    "source": "FATE_YO",
    "answers": []
}