{
    "display_id": 1226,
    "title": "\u90ae\u5c40\u9009\u5740\u95ee\u9898",
    "description": {
        "format": "html",
        "value": "<span>\u90ae\u5c40\u9009\u5740\u95ee\u9898 <br />\n\u3010\u95ee\u9898\u63cf\u8ff0\uff1a\u3011    \n\u5728\u4e00\u4e2a\u6309\u7167\u4e1c\u897f\u548c\u5357\u5317\u65b9\u5411\u5212\u5206\u6210\u89c4\u6574\u8857\u533a\u7684\u57ce\u5e02\u91cc\uff0cn\u4e2a\u5c45\u6c11\u70b9\u6563\u4e71\u5730\u5206\u5e03\u5728\u4e0d\u540c\u7684\u8857\u533a\u4e2d\u3002\u7528x\u5750\u6807\u8868\u793a\u4e1c\u897f\u5411\uff0c\u7528y\u5750\u6807\u8868\u793a\u5357\u5317\u5411\u3002\u5404\u5c45\u6c11\u70b9\u7684\u4f4d\u7f6e\u53ef\u4ee5\u7531\n\u5750\u6807(x,y)\u8868\u793a\u3002\u8857\u533a\u4e2d\u4efb\u610f2\u70b9(x1,y1)\u548c(x2,y2)\u4e4b\u95f4\u7684\u8ddd\u79bb\u53ef\u4ee5\u7528\u6570\u503c|x1-x2|+|y1-y2|\u5ea6\u91cf\u3002 <br />\n\u5c45\u6c11\u4eec\u5e0c\u671b\u5728\u57ce\u5e02\u4e2d\u9009\u62e9\u5efa\u7acb\u90ae\u5c40\u7684\u6700\u4f73\u4f4d\u7f6e\uff0c\u4f7fn\u4e2a\u5c45\u6c11\u70b9\u5230\u90ae\u5c40\u7684\u8ddd\u79bb\u603b\u548c\u6700\u5c0f\u3002 <br />\n\u3010\u6570\u636e\u8f93\u5165\uff1a\u3011    \u7b2c1\u884c\u662f\u5c45\u6c11\u70b9\u6570n\uff0c1\u2264n\u226410000\u3002\u63a5\u4e0b\u6765n\u884c\u662f\u5c45\u6c11\u70b9\u7684\u4f4d\u7f6e\uff0c\u6bcf\u884c2\u4e2a\u6574\u6570x\u548cy\uff0c-10000\u2264x\uff0cy\u226410000\u3002 <br />\n\u3010\u7ed3\u679c\u8f93\u51fa:\u3011 1\u4e2a\u6570\uff0c\u662fn\u4e2a\u5c45\u6c11\u70b9\u5230\u90ae\u5c40\u7684\u8ddd\u79bb\u603b\u548c\u7684\u6700\u5c0f\u503c\u3002 <br />\n\u3010\u8f93\u5165\u6587\u4ef6\u793a\u4f8b\u3011 <br />\n5 <br />\n1 2 <br />\n2 2 <br />\n1 3 <br />\n3 -2 <br />\n3 3 <br />\n\u3010\u8f93\u51fa\u6587\u4ef6\u793a\u4f8b\u3011 <br />\n10 </span>"
    },
    "tags": [
        "FATE_YO"
    ],
    "input_description": {
        "format": "html",
        "value": "\u65e0"
    },
    "output_description": {
        "format": "html",
        "value": "\u65e0"
    },
    "test_case_score": [
        {
            "score": 100,
            "input_name": "1.in",
            "output_name": "1.out"
        }
    ],
    "hint": {
        "format": "html",
        "value": ""
    },
    "time_limit": 1000,
    "memory_limit": 256,
    "samples": [
        {
            "input": "\u65e0",
            "output": "\u65e0"
        }
    ],
    "template": {},
    "spj": null,
    "rule_type": "ACM",
    "source": "FATE_YO",
    "answers": []
}