{
    "display_id": 1056,
    "title": "[\u6570\u503c\u95ee\u9898]\u9ad8\u7cbe\u5ea6\u51cf\u6cd5",
    "description": {
        "format": "html",
        "value": "<div style=\"padding:0px;margin:0px;font-family:'Microsoft Yahei';font-size:14px;background-color:#F5F5F5;text-align:center;\">\n\t<span>\u9ad8\u7cbe\u5ea6\u51cf\u6cd5\uff08highplus/c/cpp\uff09&nbsp;</span> \n</div>\n<p style=\"font-family:'Microsoft Yahei';font-size:14px;background-color:#F5F5F5;\">\n\t<span>\u3010\u95ee\u9898\u63cf\u8ff0\u3011&nbsp;</span> \n</p>\n<p style=\"font-family:'Microsoft Yahei';font-size:14px;background-color:#F5F5F5;\">\n\t<span>\u8f93\u5165\u4e24\u4e2a\u9ad8\u7cbe\u5ea6\u6b63\u6574\u6570a\u548cb\uff08a\uff0cb\u7684\u4f4d\u6570&lt;=200\uff09\uff0c\u6c42a-b\u7684\u5dee</span> \n</p>\n<span style=\"font-family:'Microsoft Yahei';font-size:14px;line-height:28px;background-color:#F5F5F5;\"><span>\u3010\u8f93\u5165\u683c\u5f0f\u3011</span></span><span style=\"font-family:'Microsoft Yahei';font-size:14px;line-height:28px;background-color:#F5F5F5;\"></span><span style=\"font-family:'Microsoft Yahei';font-size:14px;line-height:28px;background-color:#F5F5F5;\"></span> \n<p style=\"font-family:'Microsoft Yahei';font-size:14px;background-color:#F5F5F5;\">\n\t<span>\u8f93\u5165\u5171\u4e24\u884c\uff0c\u5206\u522b\u4e3aa\u548cb</span> \n</p>\n<p style=\"font-family:'Microsoft Yahei';font-size:14px;background-color:#F5F5F5;\">\n\t<span>\u3010\u8f93\u51fa\u683c\u5f0f\u3011</span> \n</p>\n<p style=\"font-family:'Microsoft Yahei';font-size:14px;background-color:#F5F5F5;\">\n\t<span>\u8f93\u51fa\u5171\u4e00\u884c\uff0c\u8868\u793a\u4e24\u4e2a\u6570\u7684\u5dee,\u82e5a\u5c0f\u4e8eb\uff0c\u5219\u5148\u8f93\u51fa\u8d1f\u53f7\u3002</span> \n</p>\n<p style=\"font-family:'Microsoft Yahei';font-size:14px;background-color:#F5F5F5;\">\n\t<span>\u3010\u8f93\u5165\u6837\u4f8b1\u3011&nbsp;</span><span><br />\n9999999999999999999999999999999999</span> \n</p>\n<p style=\"font-family:'Microsoft Yahei';font-size:14px;background-color:#F5F5F5;\">\n\t<span style=\"font-family:'Microsoft Yahei';font-size:14px;line-height:21px;background-color:#F5F5F5;\">1111111111111111111111111111111111</span> \n</p>\n<p style=\"font-family:'Microsoft Yahei';font-size:14px;background-color:#F5F5F5;\">\n\t<span>\u3010\u8f93\u51fa\u6837\u4f8b1\u3011</span> \n</p>\n<p style=\"font-family:'Microsoft Yahei';font-size:14px;background-color:#F5F5F5;\">\n\t8888888888888888888888888888888888\n</p>"
    },
    "tags": [
        "FATE_YO"
    ],
    "input_description": {
        "format": "html",
        "value": "\u65e0"
    },
    "output_description": {
        "format": "html",
        "value": "\u65e0"
    },
    "test_case_score": [
        {
            "score": 100,
            "input_name": "1.in",
            "output_name": "1.out"
        }
    ],
    "hint": {
        "format": "html",
        "value": "Const<br />\n&nbsp; &nbsp; SIZE = 200;<br />\n<br />\nType<br />\n&nbsp; &nbsp; hugeint = Record<br />\n&nbsp; &nbsp; &nbsp; &nbsp; len : Integer;<br />\n&nbsp; &nbsp; &nbsp; &nbsp; num : Array[1..SIZE] Of Integer;<br />\n&nbsp; &nbsp; End;<br />\nvar a,b:hugeint;<br />\n&nbsp; &nbsp; s1,s2:string;<br />\n&nbsp; &nbsp; i:integer;<br />\nFunction over(a, b : hugeint) : integer;<br />\n&nbsp; &nbsp; Var<br />\n&nbsp; &nbsp; &nbsp; &nbsp; i : Integer;<br />\n&nbsp; &nbsp; Begin<br />\n&nbsp; &nbsp; &nbsp; &nbsp; If (a.len&gt;b.len) Then<br />\n&nbsp; &nbsp; &nbsp; &nbsp; &nbsp; &nbsp; Begin<br />\n&nbsp; &nbsp; &nbsp; &nbsp; &nbsp; &nbsp; &nbsp; &nbsp; over :=1 ;<br />\n&nbsp; &nbsp; &nbsp; &nbsp; &nbsp; &nbsp; &nbsp; &nbsp; Exit;<br />\n&nbsp; &nbsp; &nbsp; &nbsp; &nbsp; &nbsp; End;<br />\n&nbsp; &nbsp; &nbsp; &nbsp; If a.len &lt; b.len Then<br />\n&nbsp; &nbsp; &nbsp; &nbsp; &nbsp; &nbsp; Begin<br />\n&nbsp; &nbsp; &nbsp; &nbsp; &nbsp; &nbsp; &nbsp; &nbsp; over := 2;<br />\n&nbsp; &nbsp; &nbsp; &nbsp; &nbsp; &nbsp; &nbsp; &nbsp; Exit;<br />\n&nbsp; &nbsp; &nbsp; &nbsp; &nbsp; &nbsp; End;<br />\n&nbsp; &nbsp; &nbsp; &nbsp; For i := a.len DownTo 1 Do<br />\n&nbsp; &nbsp; &nbsp; &nbsp; &nbsp; &nbsp; Begin<br />\n&nbsp; &nbsp; &nbsp; &nbsp; &nbsp; &nbsp; &nbsp; &nbsp; If a.num[i] &gt; b.num[i] Then<br />\n&nbsp; &nbsp; &nbsp; &nbsp; &nbsp; &nbsp; &nbsp; &nbsp; &nbsp; &nbsp; Begin<br />\n&nbsp; &nbsp; &nbsp; &nbsp; &nbsp; &nbsp; &nbsp; &nbsp; &nbsp; &nbsp; &nbsp; &nbsp; over := 1;<br />\n&nbsp; &nbsp; &nbsp; &nbsp; &nbsp; &nbsp; &nbsp; &nbsp; &nbsp; &nbsp; &nbsp; &nbsp; Exit;<br />\n&nbsp; &nbsp; &nbsp; &nbsp; &nbsp; &nbsp; &nbsp; &nbsp; &nbsp; &nbsp; End;<br />\n&nbsp; &nbsp; &nbsp; &nbsp; &nbsp; &nbsp; &nbsp; &nbsp; If a.num[i] &lt; b.num[i] Then<br />\n&nbsp; &nbsp; &nbsp; &nbsp; &nbsp; &nbsp; &nbsp; &nbsp; &nbsp; &nbsp; Begin<br />\n&nbsp; &nbsp; &nbsp; &nbsp; &nbsp; &nbsp; &nbsp; &nbsp; &nbsp; &nbsp; &nbsp; &nbsp; over := 2;<br />\n&nbsp; &nbsp; &nbsp; &nbsp; &nbsp; &nbsp; &nbsp; &nbsp; &nbsp; &nbsp; &nbsp; &nbsp; Exit;<br />\n&nbsp; &nbsp; &nbsp; &nbsp; &nbsp; &nbsp; &nbsp; &nbsp; &nbsp; &nbsp; End;<br />\n&nbsp; &nbsp; &nbsp; &nbsp; &nbsp; &nbsp; End;<br />\n&nbsp; &nbsp; &nbsp; &nbsp; over := 3;<br />\n&nbsp; &nbsp; End;<br />\n<br />\nprocedure minus(a,b:hugeint);<br />\n&nbsp; var<br />\n&nbsp; &nbsp;i:longint;<br />\n&nbsp; &nbsp;t,ans:hugeint;<br />\n&nbsp; begin<br />\nfillchar(ans.num,sizeof(ans.num),0);<br />\n&nbsp;if over(a,b)=2 then<br />\n&nbsp; &nbsp;begin<br />\n&nbsp; &nbsp; write('-');<br />\n&nbsp; &nbsp; t:=a;a:=b;b:=t;<br />\n&nbsp; &nbsp;end;<br />\n&nbsp;if over(a,b)=3 then begin writeln(0);exit;end;<br />\n&nbsp;ans.len:=a.len;<br />\n&nbsp;for i:=1 to ans.len do ans.num[i]:=a.num[i]-b.num[i];<br />\n&nbsp;for i:=1 to ans.len do<br />\n&nbsp; if ans.num[i]&lt;0 then<br />\n&nbsp; &nbsp;begin<br />\n&nbsp; &nbsp; &nbsp;dec(ans.num[i+1]);<br />\n&nbsp; &nbsp; &nbsp;inc(ans.num[i],10);<br />\n&nbsp; &nbsp;end;<br />\n&nbsp;while (ans.len&gt;1)and(ans.num<br />\n&nbsp;[ans.len]=0) do dec(ans.len);<br />\n&nbsp;for i:=ans.len downto 1 do write(ans.num[i]);<br />\n&nbsp;writeln;<br />\nend;<br />\n<br />\n&nbsp; &nbsp;procedure datain;<br />\n&nbsp; &nbsp;begin<br />\n&nbsp; &nbsp; assign(input,'highminus.in'); &nbsp;assign(output,'highminus.out');<br />\n&nbsp; &nbsp; reset(input); rewrite(output);<br />\n&nbsp; &nbsp; readln(s1);<br />\n&nbsp; &nbsp; readln(s2);<br />\n&nbsp; &nbsp; a.len:=length(s1);<br />\n&nbsp; &nbsp; b.len:=length(s2);<br />\n&nbsp; &nbsp; for i:=1 to a.len do &nbsp;a.num[i]:=ord(s1[a.len-i+1])-ord('0');<br />\n&nbsp; &nbsp; for i:=1 to b.len do &nbsp;b.num[i]:=ord(s2[b.len-i+1])-ord('0');<br />\n&nbsp; &nbsp;end;<br />\n&nbsp; &nbsp;begin<br />\n&nbsp; &nbsp; datain;<br />\n&nbsp; &nbsp; minus(a,b);<br />\n&nbsp; &nbsp;close(input);close(output);<br />\n&nbsp; &nbsp;end.<br />\n<div>\n\t<br />\n</div>\n<div>\n\t<br />\n</div>"
    },
    "time_limit": 1000,
    "memory_limit": 256,
    "samples": [
        {
            "input": "\u65e0",
            "output": "\u65e0"
        }
    ],
    "template": {},
    "spj": null,
    "rule_type": "ACM",
    "source": "FATE_YO",
    "answers": []
}