{
    "display_id": 1142,
    "title": "112\u7cfb\u5217\u4e4b\u5b66\u957f",
    "description": {
        "format": "html",
        "value": "<p class=\"MsoNormal\">\n\t\u542c\u8bf4<span>112</span>\u6709\u4e2a\u4e00\u70b9\u90fd\u4e0d\u5c4c\u4e1d\u7684\u5b66\u957f\uff0c\u8fd9\u4e2a\u5b66\u957f\u5462\u9664\u4e86\u770b\u5b66\u59b9\u4ec0\u4e48\u90fd\u4e0d\u4f1a\uff0c\u4e8e\u662f\u4e4e<span>\u2026</span>\u5728<span>112</span>\u88ab\u5b66\u5f1f\u5b66\u59b9\u5404\u79cd\u82b1\u5f0f\u78be\u538b\u3002\n</p>\n<p class=\"MsoNormal\">\n\t<span>&nbsp;&nbsp;&nbsp;&nbsp;&nbsp;&nbsp;&nbsp;&nbsp; </span>\u8fd9\u4e0d\uff0c\u4e0a\u6b21\u5b66\u9662\u4e3e\u529e\u4e2d\u5b66\u751f\u6570\u5b66\u7ade\u8d5b\uff0c\u8fd9\u4e2a\u4e00\u70b9\u90fd\u4e0d\u6e23\u6e23\u7684\u5b66\u957f\u56e0\u4e3a\u65e0\u6240\u4e8b\u4e8b\u88ab\u5b66\u9662\u6d3e\u53bb\u76d1\u8003\u5b66\u5f1f\u5b66\u59b9\uff0c\u4f46\u662f\u8fd9\u5bf9\u4e8e\u5b66\u957f\uff08<span>guang gun</span>\uff09\u5374\u662f\u4e00\u4e2a\u673a\u4f1a\uff0c\u6709\u673a\u4f1a\u5411\u5e7f\u5927\u7684\u5b66\u59b9\u5c55\u73b0\u81ea\u5df1\u5566\uff0c\u5149\u68cd\u5b66\u957f\u4e00\u60f3\u8d77\u6765\u5c31\u96be\u4ee5\u6291\u5236\u5185\u5fc3\u7684\u6b22\u817e\u5fae\u7b11\u4e86\u8d77\u6765\u4e86\u5462\u3002\n</p>\n<p class=\"MsoNormal\">\n\t<span>&nbsp;&nbsp;&nbsp;&nbsp;&nbsp;&nbsp;&nbsp;&nbsp; </span>\u8003\u8bd5\u65f6\u95f4\u6574\u6574\u4e24\u4e2a\u534a\u5c0f\u65f6\uff0c\u4e00\u70b9\u90fd\u4e0d\u79bd\u517d\u7684\u5b66\u957f\u4e5f\u6ee1\u8db3\u7684\u770b\u4e86\u5b66\u59b9\u4e24\u4e2a\u534a\u5c0f\u65f6\uff0c\u53e3\u6c34\u54c8\u5587\u5b50\u7559\u4e86\u4e00\u5730\uff0c\u5374\u82e6\u4e8e\u6ca1\u6709\u529e\u6cd5\u5411\u5b66\u59b9\u4ecb\u7ecd\u4e00\u4e0b\u81ea\u5df1\u3002\u6700\u540e\uff0c\u773c\u7785\u7740\u6700\u540e\u4e00\u4f4d\u5b66\uff01\u59b9\uff01\u79bb\uff01\u5f00\uff01\u5b66\u957f\u771f\u662f\u4e00\u70b9\u90fd\u4e0d\u5931\u843d\u7684\u9ed8\u9ed8\u9000\u573a\u4e86\u3002\n</p>\n<p class=\"MsoNormal\">\n\t<span>&nbsp;&nbsp;&nbsp;&nbsp;&nbsp;&nbsp;&nbsp;&nbsp; </span>\u4f46\uff01\u505a\u5927\u4e8b\u7684\u4eba\u6bd5\u7adf\u662f\u8981\u4e0d\u7518\u8d8b\u4e8e\u547d\u8fd0\u7684\uff01\u5b66\u9662\u4e3e\u529e\u4f4e\u7a0b\u6bd4\u8d5b\uff0c\u8fd9\u4e2a\u5b66\u957f\u4e0d\u77e5\u7f9e\u803b\u7684\u6258\u7b14\u8005\u5e2e\u4ed6\u5ba3\u4f20\u4e00\u4e0b\u4ed6\u7684<span>QQ</span>\uff0c\u5bc4\u5e0c\u671b\u4e8e\u4f1a\u6709\u4eb2\u7231\u7684\u5b66\u59b9\uff08\u6216\u8005\u5b66\u5f1f\uff09\u4e3b\u52a8\u8054\u7cfb\u4ed6\u3002\n</p>\n<p class=\"MsoNormal\">\n\t<span>&nbsp;&nbsp;&nbsp;&nbsp;&nbsp;&nbsp;&nbsp;&nbsp; </span>\u4f46\u662f\uff0c\u7b14\u8005\u4f5c\u4e3a\u4e00\u4e2a\u65b0\u65f6\u4ee3\u7684\u5927\u5b66\u751f\uff0c\u672c\u7740\u9ad8\u5c1a\u7684\u60c5\u64cd\uff0c\u4e0d\u80fd\u8ba9\u8ff7\u9014\u7684\u5b66\u59b9\u7f8a\u5165\u864e\u53e3\uff0c\u4f46\u662f\u53c8\u5c48\u4e8e\u4ed6\u7684\u6deb\u5a01\uff0c\u4e0d\u5f97\u4e0d\u5e2e\u4ed6\uff0c\u4e8e\u662f\u4e4e\uff0c\u7b14\u8005\u9009\u62e9\u4e86\u4e00\u4e2a\u6298\u4e2d\u7684\u529e\u6cd5\uff0c\u53ea\u7ed9\u63d0\u793a\uff0c\u4e0d\u76f4\u63a5\u8bf4\u51fa\u4ed6\u7684<span>QQ</span>\u53f7\u3002\n</p>\n<p class=\"MsoNormal\">\n\t<span>&nbsp;&nbsp;&nbsp;&nbsp;&nbsp;&nbsp;&nbsp;&nbsp; </span>\u72b9\u8bb0\u5f97\uff0c\u4e2d\u6570\u7ade\u8d5b\u4e2d\u540e\u9762\u7684\u4e00\u4e2a\u5168\u6392\u5217\u7684\u5927\u9898\u5751\u4e86\u597d\u591a\u5b66\u5f1f\u5b66\u59b9\uff08\u7b54\u6848\u4e0d\u662f<span>10</span>\u54e6\uff09\uff0c\u73b0\u5728\uff0c\u7b14\u8005\u7ed9\u7684\u63d0\u793a\u4e0e\u8be5\u9898\u60ca\u4eba\u7684\u76f8\u4f3c\u3002\n</p>\n<p class=\"MsoNormal\">\n\t<span>&nbsp;&nbsp;&nbsp;&nbsp;&nbsp;&nbsp;&nbsp;&nbsp; QQ</span>\u662f\u4e00\u4e2a<span>9</span>\u4f4d\u6570\uff0c\u7531<span>1,2,3,4,5,9</span>\u7ec4\u6210\uff0c\u4e14\u7b2c<span>1</span>\u3001<span>6</span>\u4f4d\u6570\u5b57\u76f8\u540c\uff0c\u7b2c<span>2</span>\u3001<span>4</span>\u4f4d\u6570\u5b57\u76f8\u540c\uff0c\u7b2c<span>5</span>\u3001<span>7</span>\u4f4d\u6570\u5b57\u76f8\u540c\u3002\n</p>\n<p class=\"MsoNormal\">\n\t<span>&nbsp;&nbsp;&nbsp;&nbsp;&nbsp;&nbsp;&nbsp;&nbsp; </span>\u5b66\u957f\u7684<span>QQ</span>\u5c31\u5728\u7b26\u5408\u4e0a\u8bc9\u6761\u4ef6\u4e2d\u7684\u6240\u6709<span>9</span>\u4f4d\u6570\u4ece\u5c0f\u5230\u5927\u6392\u7b2c<span>50</span>\u4e2a\u3002\n</p>\n<p class=\"MsoNormal\" style=\"text-indent:21.0pt;\">\n\t\u7b14\u8005\u5c31\u5e2e\u4f60\u5230\u8fd9\u5462\uff01\uff01<span> ^v^ </span>\u4e0d\u8c22\u3002\n</p>\n<p class=\"MsoNormal\">\n\t<span>&nbsp;</span>\n</p>"
    },
    "tags": [
        "FATE_YO"
    ],
    "input_description": {
        "format": "html",
        "value": "\u65e0"
    },
    "output_description": {
        "format": "html",
        "value": "<p class=\"MsoNormal\">\n\t<span>&nbsp; &nbsp; &nbsp; &nbsp; &nbsp;</span>\u8f93\u51fa\u4e3a\u4e00\u884c\uff0c\u4e3a\u8be5<span>QQ</span>\u3002\n</p>"
    },
    "test_case_score": [
        {
            "score": 100,
            "input_name": "1.in",
            "output_name": "1.out"
        }
    ],
    "hint": {
        "format": "html",
        "value": ""
    },
    "time_limit": 1000,
    "memory_limit": 256,
    "samples": [
        {
            "input": "\u65e0",
            "output": "\u65e0"
        }
    ],
    "template": {},
    "spj": null,
    "rule_type": "ACM",
    "source": "FATE_YO",
    "answers": []
}