{
    "display_id": 1181,
    "title": "C\u8bed\u8a00-\u5bc6\u7801",
    "description": {
        "format": "html",
        "value": "<p>\u8981\u5c06&quot;China&quot;\u8bd1\u6210\u5bc6\u7801\uff0c\u8bd1\u7801\u89c4\u5f8b\u662f\uff1a\u7528\u539f\u6765\u5b57\u6bcd\u540e\u9762\u7684\u7b2c4\u4e2a\u5b57\u6bcd\u4ee3\u66ff\u539f\u6765\u7684\u5b57\u6bcd\uff0e\u4f8b\u5982\uff0c\u5b57\u6bcd&quot;A&quot;\u540e\u9762\u7b2c4\u4e2a\u5b57\u6bcd\u662f&quot;E&quot;\uff0e&quot;E&quot;\u4ee3\u66ff&quot;A&quot;\u3002\u56e0\u6b64\uff0c&quot;China&quot;\u5e94\u8bd1\u4e3a&quot;Glmre&quot;\u3002\u8bf7\u7f16\u4e00\u7a0b\u5e8f\uff0c\u7528\u8d4b\u521d\u503c\u7684\u65b9\u6cd5\u4f7fcl\u3001c2\u3001c3\u3001c4\u3001c5\u4e94\u4e2a\u53d8\u91cf\u7684\u503c\u5206\u522b\u4e3a\uff0c&rsquo;C&rsquo;\u3001&rsquo;h&rsquo;\u3001&rsquo;i&rsquo;\u3001&rsquo;n&rsquo;\u3001&rsquo;a&rsquo;\uff0c\u7ecf\u8fc7\u8fd0\u7b97\uff0c\u4f7fc1\u3001c2\u3001c3\u3001c4\u3001c5\u5206\u522b\u53d8\u4e3a&rsquo;G&rsquo;\u3001&rsquo;l&rsquo;\u3001&rsquo;m&rsquo;\u3001&rsquo;r&rsquo;\u3001&rsquo;e&rsquo;\uff0c\u5e76\u8f93\u51fa\u3002</p>"
    },
    "tags": [
        "FATE_YO"
    ],
    "input_description": {
        "format": "html",
        "value": "<p>China</p>"
    },
    "output_description": {
        "format": "html",
        "value": "<p>\u52a0\u5bc6\u540e\u7684China</p>"
    },
    "test_case_score": [
        {
            "score": 100,
            "input_name": "1.in",
            "output_name": "1.out"
        }
    ],
    "hint": {
        "format": "html",
        "value": ""
    },
    "time_limit": 1000,
    "memory_limit": 256,
    "samples": [
        {
            "input": "China",
            "output": "Glmre"
        }
    ],
    "template": {},
    "spj": null,
    "rule_type": "ACM",
    "source": "FATE_YO",
    "answers": []
}