{
    "display_id": 1128,
    "title": "\u56fe\u5f62\u6253\u5370\u76f4\u89d2\u4e09\u89d2\u5f62",
    "description": {
        "format": "html",
        "value": "&nbsp;<span style=\"font-family:\u5b8b\u4f53;font-size:14pt;\">\u8f93\u5165\u4e00\u4e2a\u6574\u6570</span><span style=\"font-size:14pt;\">n,</span><span style=\"font-family:\u5b8b\u4f53;font-size:14pt;\">\u8f93\u51fa\u4e00\u4e2a</span><span style=\"font-size:14pt;\">n</span><span style=\"font-family:\u5b8b\u4f53;font-size:14pt;\">\u884c\u7684\u4e09\u89d2\u5f62\u56fe\u5f62\u3002</span><span style=\"font-size:14pt;\"></span> \n<p class=\"MsoNormal\">\n\t<span><span>&nbsp;</span><span>&nbsp;</span></span><span style=\"font-family:\u5b8b\u4f53;\">\u8f93\u5165</span><span>3</span> \n</p>\n<p class=\"MsoNormal\">\n\t<span></span><span style=\"font-family:\u5b8b\u4f53;\">\u8f93\u51fa</span> \n</p>\n<p class=\"MsoNormal\">\n\t<span style=\"font-family:\u5b8b\u4f53;\"></span><span>@</span>\n</p>\n<p class=\"MsoNormal\">\n\t<span><span></span></span><span>@@</span>\n</p>\n<p class=\"MsoNormal\">\n\t<span><span></span></span><span>@@@</span>\n</p>\n<p class=\"MsoNormal\">\n\t<span></span>\n</p>\n<p class=\"MsoNormal\">\n\t<span></span>\n</p>\n<p style=\"text-indent:5.25pt;\" class=\"MsoNormal\">\n\t<span style=\"font-family:\u5b8b\u4f53;\"></span>&nbsp;\n</p>\n<p style=\"text-indent:5.25pt;\" class=\"MsoNormal\">\n\t<span style=\"font-family:\u5b8b\u4f53;\">\u8f93\u5165</span><span>5</span> \n</p>\n<p style=\"text-indent:5.25pt;\" class=\"MsoNormal\">\n\t<span style=\"font-family:\u5b8b\u4f53;\">\u8f93\u51fa</span> \n</p>\n<p class=\"MsoNormal\">\n\t<span>@&nbsp;</span>\n</p>\n<p class=\"MsoNormal\">\n\t<span><span></span></span><span>@@</span>\n</p>\n<p class=\"MsoNormal\">\n\t<span><span></span></span><span>@@@</span>\n</p>\n<p class=\"MsoNormal\">\n\t<span><span></span></span><span>@@@@</span>\n</p>\n<span>@@@@@</span> \n<p class=\"MsoNormal\">\n\t<span style=\"font-family:'Times New Roman';font-size:10.5pt;\"></span>&nbsp;\n</p>"
    },
    "tags": [
        "FATE_YO"
    ],
    "input_description": {
        "format": "html",
        "value": "\u65e0"
    },
    "output_description": {
        "format": "html",
        "value": "\u65e0"
    },
    "test_case_score": [
        {
            "score": 100,
            "input_name": "1.in",
            "output_name": "1.out"
        }
    ],
    "hint": {
        "format": "html",
        "value": ""
    },
    "time_limit": 1000,
    "memory_limit": 256,
    "samples": [
        {
            "input": "\u65e0",
            "output": "\u65e0"
        }
    ],
    "template": {},
    "spj": null,
    "rule_type": "ACM",
    "source": "FATE_YO",
    "answers": []
}