{
    "display_id": 1124,
    "title": "\u6c4220\u4e2a\u5b66\u751f\u7684\u603b\u5206\u53ca\u5e73\u5747\u5206",
    "description": {
        "format": "html",
        "value": "<p>\n\t\u95ee\u9898\u63cf\u8ff0\uff1a\u8f93\u516520\u4e2a\u5b66\u751f\u67d0\u4e00\u6b21\u7684\u6d4b\u8bd5\u6210\u7ee9\uff0c\u8981\u6c42\u8f93\u51fa\u603b\u5206\u4ee5\u53ca\u5e73\u5747\u5206\n</p>\n<p>\n\t\u8f93\u5165\uff1a20\u884c\uff0c\u6bcf\u884c\u4e00\u4e2a\u6574\u6570\uff0c\u8868\u793a\u6210\u7ee9\n</p>\n<p>\n\t\u8f93\u51fa\uff1a2\u884c\uff0c\u7b2c\u4e00\u884c\u8868\u793a\u603b\u5206\uff0c\u7b2c\u4e8c\u884c\u8868\u793a\u5e73\u5747\u5206\uff0c\u5176\u4e2d\u5e73\u5747\u5206\u4fdd\u75592\u4f4d\u5c0f\u6570\u3002\n</p>"
    },
    "tags": [
        "FATE_YO"
    ],
    "input_description": {
        "format": "html",
        "value": "\u65e0"
    },
    "output_description": {
        "format": "html",
        "value": "\u65e0"
    },
    "test_case_score": [
        {
            "score": 100,
            "input_name": "1.in",
            "output_name": "1.out"
        }
    ],
    "hint": {
        "format": "html",
        "value": ""
    },
    "time_limit": 1000,
    "memory_limit": 256,
    "samples": [
        {
            "input": "\u65e0",
            "output": "\u65e0"
        }
    ],
    "template": {},
    "spj": null,
    "rule_type": "ACM",
    "source": "FATE_YO",
    "answers": []
}