{
    "display_id": 1148,
    "title": "C\u8bed\u8a00\u7a0b\u5e8f\u8bbe\u8ba1\u6559\u7a0b\uff08\u7b2c\u4e09\u7248\uff09\u8bfe\u540e\u4e60\u98988.2",
    "description": {
        "format": "html",
        "value": "\u6c42\u65b9\u7a0bax^2+bx+c=0\u7684\u6839\uff0c\u7528\u4e09\u4e2a\u51fd\u6570gz\uff0cez\u548csz\u5206\u522b\u6c42\u5f53b^2-4ac\u5927\u4e8e0\u3001\u7b49\u4e8e0\u548c\u5c0f\u4e8e0\u65f6\u7684\u6839\uff0c\u5e76\u8f93\u51fa\u7ed3\u679c\u3002\u4ece\u4e3b\u51fd\u6570\u8f93\u5165a\u3001b\u3001c\u7684\u503c\u3002\uff08\u8f93\u51fa\u4fdd\u75593\u4f4d\u5c0f\u6570\uff09"
    },
    "tags": [
        "FATE_YO"
    ],
    "input_description": {
        "format": "html",
        "value": "a b c"
    },
    "output_description": {
        "format": "html",
        "value": "x1=? x2=?"
    },
    "test_case_score": [
        {
            "score": 100,
            "input_name": "1.in",
            "output_name": "1.out"
        }
    ],
    "hint": {
        "format": "html",
        "value": ""
    },
    "time_limit": 1000,
    "memory_limit": 256,
    "samples": [
        {
            "input": "4 1 1",
            "output": "x1=-0.125+0.484i x2=-0.125-0.484i"
        }
    ],
    "template": {},
    "spj": null,
    "rule_type": "ACM",
    "source": "FATE_YO",
    "answers": []
}