{
    "display_id": 1071,
    "title": "\u781d\u7801\u79f0\u91cd",
    "description": {
        "format": "html",
        "value": "<p class=\"MsoNormalIndent\">\n\t\u8bbe\u6709<span>1g</span>\u3001<span>2g</span>\u3001<span>3g</span>\u3001<span>5g</span>\u3001<span>10g</span>\u3001<span>20g</span>\u7684\u781d\u7801\u5404\u82e5\u5e72\u679a\uff08\u5176\u603b\u91cd<span>&lt;=1000</span>\uff09\u3002<span></span>\n</p>\n<p class=\"MsoNormalIndent\">\n\t\u73b0\u5728\u7ed9\u4f60\u8fd9\u516d\u79cd\u781d\u7801\u7684\u6570\u91cf\uff0c\u8bf7\u4f60\u8ba1\u7b97<span>\u7528\u8fd9\u4e9b\u781d\u7801\u80fd\u79f0\u51fa\u7684\u4e0d\u540c\u91cd\u91cf\u7684\u4e2a\u6570\uff0c\u4f46\u4e0d\u5305\u62ec\u4e00\u4e2a\u781d\u7801\u4e5f\u4e0d\u7528\u7684\u60c5\u51b5\u3002</span>\n</p>\n<p class=\"MsoNormalIndent\">\n\t<br />\n</p>\n<p class=\"MsoNormalIndent\">\n\t\u5982\u8f93\u5165\uff1a<span>1 1 0 0 0 0</span><span></span>\n</p>\n<p>\n\t\u8f93\u51fa\uff1a<span>Total</span>=3 &nbsp;\u8868\u793a\u53ef\u4ee5\u79f0\u51fa1g\uff0c2g\uff0c3g\u4e09\u79cd\u4e0d\u540c\u7684\u91cd\u91cf\u3002\n</p>\n<p>\n\t<br />\n</p>"
    },
    "tags": [
        "FATE_YO"
    ],
    "input_description": {
        "format": "html",
        "value": "<p>\n\t\u6bcf\u4e2a\u6d4b\u8bd5\u6587\u4ef6\u53ea\u5305\u542b\u4e00\u7ec4\u6d4b\u8bd5\u6570\u636e\uff0c\u6bcf\u7ec4\u8f93\u5165\u516d\u4e2a\u6574\u6570\uff0c\u4f8b\u5982\uff1a\n</p>\n<p>\n\t\u8f93\u5165&nbsp;<span>a1&nbsp; a2&nbsp; a3&nbsp; a4&nbsp; a5&nbsp; a6</span>\n</p>\n<p>\n\t<span><span>&nbsp; &nbsp; &nbsp; \uff08\u8868\u793a</span><span>1g</span><span>\u781d\u7801\u6709</span><span>a1</span><span>\u4e2a\uff0c</span><span>2g</span><span>\u781d\u7801\u6709</span><span>a2</span><span>\u4e2a\uff0c\u2026\uff0c</span><span>20g</span><span>\u781d\u7801\u6709</span><span>a6</span><span>\u4e2a\uff09</span></span>\n</p>\n<p>\n\t<span><br />\n</span>\n</p>"
    },
    "output_description": {
        "format": "html",
        "value": "<p>\n\t\u5bf9\u4e8e\u6bcf\u7ec4\u8f93\u5165\u6570\u636e\uff0c\u8f93\u51fa&nbsp;<span style=\"line-height:1.5;\">Total=N\u3002</span><span style=\"line-height:1.5;\">\uff08N\u8868\u793a\u7528\u8fd9\u4e9b\u781d\u7801\u80fd\u79f0\u51fa\u7684\u4e0d\u540c\u91cd\u91cf\u7684\u4e2a\u6570\uff0c\u4f46\u4e0d\u5305\u62ec\u4e00\u4e2a\u781d\u7801\u4e5f\u4e0d\u7528\u7684\u60c5\u51b5\uff09</span>\n</p>\n<p>\n\t<span style=\"line-height:1.5;\"><br />\n</span>\n</p>"
    },
    "test_case_score": [
        {
            "score": 100,
            "input_name": "1.in",
            "output_name": "1.out"
        }
    ],
    "hint": {
        "format": "html",
        "value": ""
    },
    "time_limit": 1000,
    "memory_limit": 256,
    "samples": [
        {
            "input": "1 1 0 0 0 0",
            "output": "Total=3"
        }
    ],
    "template": {},
    "spj": null,
    "rule_type": "ACM",
    "source": "FATE_YO",
    "answers": []
}