{
    "display_id": 1150,
    "title": "\u6c42200\u4ee5\u5185\u7684\u7d20\u6570",
    "description": {
        "format": "html",
        "value": "<p>\n\t\u3010\u95ee\u9898\u63cf\u8ff0\u3011\n</p>\n<p>\n\t\u6c42\u51fa200\u4ee5\u5185\u6240\u6709\u7684\u7d20\u6570\u4ee5\u53ca\u4e2a\u6570\u3002\n</p>\n<p>\n\t\u3010\u8f93\u51fa\u683c\u5f0f\u3011\n</p>\n<p>\n\t\u4e24\u884c\uff0c\u7b2c\u4e00\u884c\u662f200\u4ee5\u5185\u7684\u6240\u6709\u7d20\u6570\uff0c\u7b2c\u4e8c\u884c\u662f\u7d20\u6570\u7684\u4e2a\u6570\n</p>"
    },
    "tags": [
        "FATE_YO"
    ],
    "input_description": {
        "format": "html",
        "value": "\u65e0"
    },
    "output_description": {
        "format": "html",
        "value": "\u65e0"
    },
    "test_case_score": [
        {
            "score": 100,
            "input_name": "1.in",
            "output_name": "1.out"
        }
    ],
    "hint": {
        "format": "html",
        "value": ""
    },
    "time_limit": 1000,
    "memory_limit": 256,
    "samples": [
        {
            "input": "\u65e0",
            "output": "\u65e0"
        }
    ],
    "template": {},
    "spj": null,
    "rule_type": "ACM",
    "source": "FATE_YO",
    "answers": []
}