{
    "display_id": 1069,
    "title": "\u6570\u5236\u8f6c\u6362",
    "description": {
        "format": "html",
        "value": "<p class=\"MsoNormal\">\n\t\u8bbe\u6709\u4e00\u4e2a\u5b57\u7b26\u4e32<span>A$</span>\u7684\u7ed3\u6784\u4e3a\uff1a<span>A$='m&lt;n&gt;p'</span> \n</p>\n<p class=\"MsoNormal\">\n\t\u5176\u4e2d<span>m</span>\u4e3a\u6570\u5b57\u4e32\uff08\u957f\u5ea6<span>&lt;=20</span>\uff09\uff0c\u800c<span>n,p</span>\u5747\u4e3a<span>1</span>\u6216<span>2</span>\u4f4d\u7684\u6570\u5b57\u4e32\uff08\u5176\u4e2d\u6240\u8868\u8fbe\u7684\u5185\u5bb9\u5728<span>2-10</span>\u4e4b\u95f4\uff09\u3002<span></span> \n</p>\n<p class=\"MsoNormal\" style=\"margin-left:72.0pt;text-indent:-72.0pt;\">\n\t\u7a0b\u5e8f\u8981\u6c42\uff1a\n</p>\n<p class=\"MsoNormal\" style=\"margin-left:72.0pt;text-indent:-72.0pt;\">\n\t\u4ece\u952e\u76d8\u4e0a\u8bfb\u5165<span>A$</span>\u540e\uff08\u4e0d\u7528\u6b63\u786e\u6027\u68c0\u67e5\uff09\uff0c\u5c06<span>A$</span>\u4e2d\u7684\u6570\u5b57\u4e32<span>m\uff08n</span>\u8fdb\u5236\uff09\uff0c\u4ee5<span>p</span>\u8fdb\u5236\u7684\u5f62\u5f0f\u8f93\u51fa\u3002<span></span> \n</p>\n<p class=\"MsoNormal\">\n\t\u4f8b\u5982\uff1a<span>A$='48&lt;10&gt;8'</span> \n</p>\n<p class=\"MsoNormal\">\n\t<span style=\"line-height:1.5;\">&nbsp; &nbsp; &nbsp; &nbsp; &nbsp;\u5176\u610f\u4e49\u4e3a\uff1a\u5c06</span><span style=\"line-height:1.5;\">10</span><span style=\"line-height:1.5;\">\u8fdb\u5236\u6570</span><span style=\"line-height:1.5;\">48</span><span style=\"line-height:1.5;\">\uff0c\u8f6c\u6362\u6210</span><span style=\"line-height:1.5;\">8</span><span style=\"line-height:1.5;\">\u8fdb\u5236\u6570\u8f93\u51fa\u3002</span> \n</p>\n<p class=\"MsoNormal\">\n\t<span></span> \n</p>\n<p>\n\t&nbsp; &nbsp; &nbsp; &nbsp; &nbsp;\u8f93\u51fa\u7ed3\u679c\u4e3a\uff1a48&lt;10&gt;=60&lt;8&gt;\n</p>\n<p>\n\t<br />\n</p>"
    },
    "tags": [
        "FATE_YO"
    ],
    "input_description": {
        "format": "html",
        "value": "<p>\n\t\u6bcf\u4e2a\u6d4b\u8bd5\u6587\u4ef6\u53ea\u5305\u542b\u4e00\u7ec4\u6d4b\u8bd5\u6570\u636e\uff0c\u6bcf\u7ec4\u8f93\u5165\u4e00\u4e2a\u5b57\u7b26\u4e32\uff0c\u5f62\u5f0f\u5982m&lt;n&gt;p\u3002\n</p>\n<p>\n\t<br />\n</p>"
    },
    "output_description": {
        "format": "html",
        "value": "<p>\n\t\u5bf9\u4e8e\u6bcf\u7ec4\u8f93\u5165\u6570\u636e\uff0c\u8f93\u51fa\u6570\u5236\u8f6c\u6362\u540e\u7684\u7ed3\u679c\uff0c\u5177\u4f53\u683c\u5f0f\u89c1\u6837\u4f8b\u8f93\u51fa\u3002\n</p>\n<p>\n\t<br />\n</p>"
    },
    "test_case_score": [
        {
            "score": 100,
            "input_name": "1.in",
            "output_name": "1.out"
        }
    ],
    "hint": {
        "format": "html",
        "value": ""
    },
    "time_limit": 1000,
    "memory_limit": 256,
    "samples": [
        {
            "input": "48<10>8",
            "output": "48<10>=60<8>"
        }
    ],
    "template": {},
    "spj": null,
    "rule_type": "ACM",
    "source": "FATE_YO",
    "answers": []
}