{
    "display_id": 1082,
    "title": "\u9ea6\u68ee\u6570",
    "description": {
        "format": "html",
        "value": "<p class=\"a\">\n\t\u5f62\u5982<span>2<i><sup>P</sup></i>-1</span>\u7684\u7d20\u6570\u79f0\u4e3a\u9ea6\u68ee\u6570\uff0c\u8fd9\u65f6<span>P</span>\u4e00\u5b9a\u4e5f\u662f\u4e2a\u7d20\u6570\u3002\u4f46\u53cd\u8fc7\u6765\u4e0d\u4e00\u5b9a\uff0c\u5373\u5982\u679c<span>P</span>\u662f\u4e2a\u7d20\u6570\uff0c<span>2<i><sup>P</sup></i>-1</span>\u4e0d\u4e00\u5b9a\u4e5f\u662f\u7d20\u6570\u3002\u5230<span>1998</span>\u5e74\u5e95\uff0c\u4eba\u4eec\u5df2\u627e\u5230\u4e86<span>37</span>\u4e2a\u9ea6\u68ee\u6570\u3002\u6700\u5927\u7684\u4e00\u4e2a\u662f<span>P=3021377</span>\uff0c\u5b83\u6709<span>909526</span>\u4f4d\u3002\u9ea6\u68ee\u6570\u6709\u8bb8\u591a\u91cd\u8981\u5e94\u7528\uff0c\u5b83\u4e0e\u5b8c\u5168\u6570\u5bc6\u5207\u76f8\u5173\u3002\n</p>\n<p class=\"a\">\n\t<span style=\"line-height:1.5;\">\u4efb\u52a1\uff1a\u4ece\u6587\u4ef6\u4e2d\u8f93\u5165</span><span style=\"line-height:1.5;\">P</span><span style=\"line-height:1.5;\">\uff08</span><span style=\"line-height:1.5;\">1000&lt;P&lt;3100000</span><span style=\"line-height:1.5;\">\uff09\uff0c\u8ba1\u7b97</span><span style=\"line-height:1.5;\">2<i><sup>P</sup></i>-1</span><span style=\"line-height:1.5;\">\u7684\u4f4d\u6570\u548c\u6700\u540e</span><span style=\"line-height:1.5;\">500</span><span style=\"line-height:1.5;\">\u4f4d\u6570\u5b57\uff08\u7528\u5341\u8fdb\u5236\u9ad8\u7cbe\u5ea6\u6570\u8868\u793a\uff09\u3002</span>\n</p>\n<p class=\"a\">\n\t<span style=\"line-height:1.5;\"><br />\n</span>\n</p>"
    },
    "tags": [
        "FATE_YO"
    ],
    "input_description": {
        "format": "html",
        "value": "<p>\n\t\u6bcf\u7ec4\u8f93\u5165\u53ea\u5305\u542b\u4e00\u4e2a\u6574\u6570<span>P</span>\uff08<span>1000&lt;P&lt;3100000</span>\uff09\u3002\n</p>\n<p>\n\t<br />\n</p>"
    },
    "output_description": {
        "format": "html",
        "value": "<p class=\"a\">\n\t\u7b2c\u4e00\u884c\uff1a\u5341\u8fdb\u5236\u9ad8\u7cbe\u5ea6\u6570<span>2<i><sup>P</sup></i>-1</span>\u7684\u4f4d\u6570\u3002\n</p>\n<p class=\"a\">\n\t<span style=\"line-height:1.5;\">\u7b2c</span><span style=\"line-height:1.5;\">2-11</span><span style=\"line-height:1.5;\">\u884c\uff1a\u5341\u8fdb\u5236\u9ad8\u7cbe\u5ea6\u6570</span><span style=\"line-height:1.5;\">2<i><sup>P</sup></i>-1</span><span style=\"line-height:1.5;\">\u7684\u6700\u540e</span><span style=\"line-height:1.5;\">500</span><span style=\"line-height:1.5;\">\u4f4d\u6570\u5b57\u3002\uff08\u6bcf\u884c\u8f93\u51fa</span><span style=\"line-height:1.5;\">50</span><span style=\"line-height:1.5;\">\u4f4d\uff0c\u5171\u8f93\u51fa</span><span style=\"line-height:1.5;\">10</span><span style=\"line-height:1.5;\">\u884c\uff0c\u4e0d\u8db3</span><span style=\"line-height:1.5;\">500</span><span style=\"line-height:1.5;\">\u4f4d\u65f6\u9ad8\u4f4d\u8865</span><span style=\"line-height:1.5;\">0</span><span style=\"line-height:1.5;\">\uff09</span>\n</p>\n<p class=\"a\">\n\t<span style=\"line-height:1.5;\">\u4e0d\u5fc5\u9a8c\u8bc1</span><span style=\"line-height:1.5;\">2<i><sup>P</sup></i>-1</span><span style=\"line-height:1.5;\">\u4e0e</span><span style=\"line-height:1.5;\">P</span><span style=\"line-height:1.5;\">\u662f\u5426\u4e3a\u7d20\u6570\u3002</span>\n</p>\n<p class=\"a\">\n\t<span style=\"line-height:1.5;\"><br />\n</span>\n</p>"
    },
    "test_case_score": [
        {
            "score": 100,
            "input_name": "1.in",
            "output_name": "1.out"
        }
    ],
    "hint": {
        "format": "html",
        "value": ""
    },
    "time_limit": 1000,
    "memory_limit": 256,
    "samples": [
        {
            "input": "1279",
            "output": "386\n00000000000000000000000000000000000000000000000000\n00000000000000000000000000000000000000000000000000\n00000000000000104079321946643990819252403273640855\n38615262247266704805319112350403608059673360298012\n23944173232418484242161395428100779138356624832346\n49081399066056773207629241295093892203457731833496\n61583550472959420547689811211693677147548478866962\n50138443826029173234888531116082853841658502825560\n46662248318909188018470682222031405210266984354887\n32958028878050869736186900714720710555703168729087"
        }
    ],
    "template": {},
    "spj": null,
    "rule_type": "ACM",
    "source": "FATE_YO",
    "answers": []
}