{
    "display_id": 1176,
    "title": "C\u8bed\u8a00\u7a0b\u5e8f\u8bbe\u8ba1\u6559\u7a0b\uff08\u7b2c\u4e09\u7248\uff09\u8bfe\u540e\u4e60\u989811.1",
    "description": {
        "format": "html",
        "value": "\u5b9a\u4e49\u4e00\u4e2a\u7ed3\u6784\u4f53\u53d8\u91cf\uff08\u5305\u62ec\u5e74\u3001\u6708\u3001\u65e5\uff09\u3002\u8ba1\u7b97\u8be5\u65e5\u5728\u672c\u5e74\u4e2d\u662f\u7b2c\u51e0\u5929\uff0c\u6ce8\u610f\u95f0\u5e74\u95ee\u9898\u3002"
    },
    "tags": [
        "FATE_YO"
    ],
    "input_description": {
        "format": "html",
        "value": "\u5e74\u6708\u65e5"
    },
    "output_description": {
        "format": "html",
        "value": "\u5f53\u5e74\u7b2c\u51e0\u5929"
    },
    "test_case_score": [
        {
            "score": 100,
            "input_name": "1.in",
            "output_name": "1.out"
        }
    ],
    "hint": {
        "format": "html",
        "value": ""
    },
    "time_limit": 1000,
    "memory_limit": 256,
    "samples": [
        {
            "input": "2000 12 31",
            "output": "366"
        }
    ],
    "template": {},
    "spj": null,
    "rule_type": "ACM",
    "source": "FATE_YO",
    "answers": []
}