{
    "display_id": 1180,
    "title": "\u5bf9\u79f0\u5e73\u65b9\u65701",
    "description": {
        "format": "html",
        "value": "<p>\n\t\u6253\u5370\u6240\u6709\u4e0d\u8d85\u8fc7256\uff0c\u5176\u5e73\u65b9\u5177\u6709\u5bf9\u79f0\u6027\u8d28\u7684\u6570\u3002\u59822\uff0c11\u5c31\u662f\u8fd9\u6837\u7684\u6570\uff0c\u56e0\u4e3a2*2=4\uff0c11*11=121\u3002\n</p>"
    },
    "tags": [
        "FATE_YO"
    ],
    "input_description": {
        "format": "html",
        "value": "<p>\n\t\u65e0\u4efb\u4f55\u8f93\u5165\u6570\u636e\n</p>"
    },
    "output_description": {
        "format": "html",
        "value": "<p>\n\t\u8f93\u51fa\u5177\u6709\u9898\u76ee\u8981\u6c42\u7684\u6027\u8d28\u7684\u6570\u3002\u5982\u679c\u8f93\u51fa\u6570\u636e\u4e0d\u6b62\u4e00\u7ec4\uff0c\u5404\u7ec4\u6570\u636e\u4e4b\u95f4\u4ee5\u56de\u8f66\u9694\u5f00\u3002\n</p>"
    },
    "test_case_score": [
        {
            "score": 100,
            "input_name": "1.in",
            "output_name": "1.out"
        }
    ],
    "hint": {
        "format": "html",
        "value": ""
    },
    "time_limit": 1000,
    "memory_limit": 256,
    "samples": [
        {
            "input": "\u65e0",
            "output": "\u65e0"
        }
    ],
    "template": {},
    "spj": null,
    "rule_type": "ACM",
    "source": "FATE_YO",
    "answers": []
}