{
    "display_id": 1165,
    "title": "C\u8bed\u8a00\u7a0b\u5e8f\u8bbe\u8ba1\u6559\u7a0b\uff08\u7b2c\u4e09\u7248\uff09\u8bfe\u540e\u4e60\u98989.4",
    "description": {
        "format": "html",
        "value": "\u7ed9\u5e74\u4efdyear\uff0c\u5b9a\u4e49\u4e00\u4e2a\u5b8f\uff0c\u4ee5\u5224\u522b\u8be5\u5e74\u4efd\u662f\u5426\u95f0\u5e74\u3002\u63d0\u793a\uff1a\u5b8f\u540d\u53ef\u4ee5\u5b9a\u4e49\u4e3aLEAP_YEAR\uff0c\u5f62\u53c2\u4e3ay\uff0c\u5373\u5b9a\u4e49\u5b8f\u7684\u5f62\u5f0f\u4e3a #define LEAP_YEAR(y) \uff08\u8bfb\u8005\u8bbe\u8ba1\u7684\u5b57\u7b26\u4e32\uff09"
    },
    "tags": [
        "FATE_YO"
    ],
    "input_description": {
        "format": "html",
        "value": "\u4e00\u4e2a\u5e74\u4efd"
    },
    "output_description": {
        "format": "html",
        "value": "<p>\u6839\u636e\u662f\u5426\u95f0\u5e74\u8f93\u51fa\uff0c\u662f\u8f93\u51fa&quot;L&quot;,\u5426\u8f93\u51fa&quot;N&quot;</p>"
    },
    "test_case_score": [
        {
            "score": 100,
            "input_name": "1.in",
            "output_name": "1.out"
        }
    ],
    "hint": {
        "format": "html",
        "value": ""
    },
    "time_limit": 1000,
    "memory_limit": 256,
    "samples": [
        {
            "input": "2000",
            "output": "L"
        }
    ],
    "template": {},
    "spj": null,
    "rule_type": "ACM",
    "source": "FATE_YO",
    "answers": []
}