{
    "display_id": 1058,
    "title": "[\u6570\u503c\u95ee\u9898]\u9ad8\u7cbe\u5ea6\u4e58\u4ee5\u9ad8\u7cbe\u5ea6",
    "description": {
        "format": "html",
        "value": "<div style=\"padding:0px;margin:0px;font-family:'Microsoft Yahei';font-size:14px;background-color:#F5F5F5;text-align:center;\">\n\t<span><strong><span style=\"font-size:16px;\">\u9ad8\u7cbe\u5ea6\u4e58\u4ee5\u9ad8\u7cbe\u5ea6</span></strong><strong><span style=\"font-size:16px;\">\uff08highmul/c/cpp\uff09</span></strong>&nbsp;</span> \n</div>\n<p style=\"font-family:'Microsoft Yahei';font-size:14px;background-color:#F5F5F5;\">\n\t<span>\u3010\u95ee\u9898\u63cf\u8ff0\u3011&nbsp;</span> \n</p>\n<p style=\"font-family:'Microsoft Yahei';font-size:14px;background-color:#F5F5F5;\">\n\t<span>\u8f93\u5165\u4e24\u4e2a\u9ad8\u7cbe\u5ea6\u6b63\u6574\u6570a\u548cb\uff08a,b\u4f4d\u6570&lt;=200\uff09\uff0c\u6c42\u4e24\u6570\u7684\u4e58\u79ef\u3002</span> \n</p>\n<span style=\"font-family:'Microsoft Yahei';font-size:14px;line-height:28px;background-color:#F5F5F5;\"><span>\u3010\u8f93\u5165\u683c\u5f0f\u3011highmul.in</span></span><span style=\"font-family:'Microsoft Yahei';font-size:14px;line-height:28px;background-color:#F5F5F5;\"></span><span style=\"font-family:'Microsoft Yahei';font-size:14px;line-height:28px;background-color:#F5F5F5;\"></span> \n<p style=\"font-family:'Microsoft Yahei';font-size:14px;background-color:#F5F5F5;\">\n\t<span>\u8f93\u5165\u5171\u4e24\u884c\uff0c\u5206\u522b\u4e3aa\u548cb\u3002</span> \n</p>\n<p style=\"font-family:'Microsoft Yahei';font-size:14px;background-color:#F5F5F5;\">\n\t<span>\u3010\u8f93\u51fa\u683c\u5f0f\u3011highmul.out</span> \n</p>\n<p style=\"font-family:'Microsoft Yahei';font-size:14px;background-color:#F5F5F5;\">\n\t<span>\u8f93\u51fa\u5171\u4e00\u884c\uff0c\u8868\u793a\u4e24\u4e2a\u6570\u7684\u79ef\u3002</span> \n</p>\n<p style=\"font-family:'Microsoft Yahei';font-size:14px;background-color:#F5F5F5;\">\n\t<span>\u3010\u8f93\u5165\u6837\u4f8b1\u3011&nbsp;</span><span><br />\n1234567890<br />\n1234567890<br />\n</span> \n</p>\n<div>\n\t<br />\n</div>\n<p>\n\t<br />\n</p>\n<p style=\"font-family:'Microsoft Yahei';font-size:14px;background-color:#F5F5F5;\">\n\t<span style=\"line-height:21px;\"></span> \n</p>\n<p style=\"font-family:'Microsoft Yahei';font-size:14px;background-color:#F5F5F5;\">\n\t<span>\u3010\u8f93\u51fa\u6837\u4f8b1\u3011</span> \n</p>\n<p style=\"font-family:'Microsoft Yahei';font-size:14px;background-color:#F5F5F5;\">\n\t1524157875019052100\n</p>\n<div>\n\t<br />\n</div>\n<p>\n\t<br />\n</p>"
    },
    "tags": [
        "FATE_YO"
    ],
    "input_description": {
        "format": "html",
        "value": "\u65e0"
    },
    "output_description": {
        "format": "html",
        "value": "\u65e0"
    },
    "test_case_score": [
        {
            "score": 100,
            "input_name": "1.in",
            "output_name": "1.out"
        }
    ],
    "hint": {
        "format": "html",
        "value": "Const<br />\n&nbsp; &nbsp; SIZE = 400;<br />\nType<br />\n&nbsp; &nbsp; hugeint = Record<br />\n&nbsp; &nbsp; &nbsp; &nbsp; len : Integer;<br />\n&nbsp; &nbsp; &nbsp; &nbsp; num : Array[1..SIZE] Of integer;<br />\n&nbsp; &nbsp; End;<br />\nvar a,b:hugeint;<br />\n&nbsp; &nbsp; s1,s2:string;<br />\n&nbsp; &nbsp; i:integer;<br />\nprocedure times(a, b : hugeint);<br />\n&nbsp; &nbsp; Var<br />\n&nbsp; &nbsp; &nbsp; &nbsp; i, j : Integer;<br />\n&nbsp; &nbsp; &nbsp; &nbsp; ans : hugeint;<br />\n&nbsp; &nbsp; Begin<br />\n&nbsp; &nbsp; &nbsp; &nbsp; FillChar(ans, SizeOf(ans), 0);<br />\n&nbsp; &nbsp; &nbsp; &nbsp; For i := 1 To a.len Do<br />\n&nbsp; &nbsp; &nbsp; &nbsp; &nbsp; &nbsp; For j := 1 To b.len Do<br />\n&nbsp; &nbsp; &nbsp; &nbsp; &nbsp; &nbsp; &nbsp; ans.num[i + j - 1] := ans.num[i + j - 1] + a.num[i] * b.num[j];<br />\n&nbsp; &nbsp; &nbsp; &nbsp; For i := 1 To a.len + b.len Do<br />\n&nbsp; &nbsp; &nbsp; &nbsp; &nbsp; &nbsp; Begin<br />\n&nbsp; &nbsp; &nbsp; &nbsp; &nbsp; &nbsp; &nbsp; &nbsp; ans.num[i + 1] := ans.num[i + 1] + ans.num[i] DIV 10;<br />\n&nbsp; &nbsp; &nbsp; &nbsp; &nbsp; &nbsp; &nbsp; &nbsp; &nbsp; &nbsp; ans.num[i] := ans.num[i] mod 10;<br />\n&nbsp; &nbsp; &nbsp; &nbsp; &nbsp; &nbsp; &nbsp; &nbsp; If ans.num[a.len + b.len] &gt; 0<br />\n&nbsp; &nbsp; &nbsp; &nbsp; &nbsp; &nbsp; &nbsp; &nbsp; &nbsp; &nbsp; Then ans.len := a.len + b.len<br />\n&nbsp; &nbsp; &nbsp; &nbsp; &nbsp; &nbsp; &nbsp; &nbsp; &nbsp; &nbsp; Else ans.len := a.len + b.len - 1;<br />\n&nbsp; &nbsp; &nbsp; &nbsp; &nbsp; &nbsp; End;<br />\n&nbsp; &nbsp; &nbsp; for i:=ans.len downto 1 do write(ans.num[i]);<br />\n&nbsp; &nbsp; &nbsp; writeln;<br />\n&nbsp; &nbsp; End;<br />\n&nbsp;procedure datain;<br />\n&nbsp; &nbsp;begin<br />\n&nbsp; &nbsp; assign(input,'highmul.in'); &nbsp;assign(output,'highmul.out');<br />\n&nbsp; &nbsp; reset(input); rewrite(output);<br />\n&nbsp; &nbsp; readln(s1);<br />\n&nbsp; &nbsp; readln(s2);<br />\n&nbsp; &nbsp; a.len:=length(s1);<br />\n&nbsp; &nbsp; b.len:=length(s2);<br />\n&nbsp; &nbsp; for i:=1 to a.len do &nbsp;a.num[i]:=ord(s1[a.len-i+1])-ord('0');<br />\n&nbsp; &nbsp; for i:=1 to b.len do &nbsp;b.num[i]:=ord(s2[b.len-i+1])-ord('0');<br />\n<br />\n&nbsp;end;<br />\n&nbsp;begin<br />\n&nbsp; &nbsp;datain;<br />\n&nbsp; &nbsp;times(a,b);<br />\n&nbsp; &nbsp;close(input);<br />\n&nbsp; &nbsp;close(output);<br />\n&nbsp;end.<br />\n<div>\n\t<br />\n</div>"
    },
    "time_limit": 1000,
    "memory_limit": 256,
    "samples": [
        {
            "input": "\u65e0",
            "output": "\u65e0"
        }
    ],
    "template": {},
    "spj": null,
    "rule_type": "ACM",
    "source": "FATE_YO",
    "answers": []
}