{
    "display_id": 1080,
    "title": "\u6808",
    "description": {
        "format": "html",
        "value": "<p>\n\t\u6808\u662f\u8ba1\u7b97\u673a\u4e2d\u7ecf\u5178\u7684\u6570\u636e\u7ed3\u6784\uff0c\u7b80\u5355\u7684\u8bf4\uff0c\u6808\u5c31\u662f\u9650\u5236\u5728\u4e00\u7aef\u8fdb\u884c\u63d2\u5165\u5220\u9664\u64cd\u4f5c\u7684\u7ebf\u6027\u8868\u3002\n</p>\n<p>\n\t\u6808\u6709\u4e24\u79cd\u6700\u91cd\u8981\u7684\u64cd\u4f5c\uff0c\u5373pop\uff08\u4ece\u6808\u9876\u5f39\u51fa\u4e00\u4e2a\u5143\u7d20\uff09\u548cpush\uff08\u5c06\u4e00\u4e2a\u5143\u7d20\u8fdb\u6808\uff09\u3002\n</p>\n<p>\n\t\u6808\u7684\u91cd\u8981\u6027\u4e0d\u8a00\u81ea\u660e\uff0c\u4efb\u4f55\u4e00\u95e8\u6570\u636e\u7ed3\u6784\u7684\u8bfe\u7a0b\u90fd\u4f1a\u4ecb\u7ecd\u6808\u3002\u5b81\u5b81\u540c\u5b66\u5728\u590d\u4e60\u6808\u7684\u57fa\u672c\u6982\u5ff5\u65f6\uff0c\u60f3\u5230\u4e86\u4e00\u4e2a\u4e66\u4e0a\u6ca1\u6709\u8bb2\u8fc7\u7684\u95ee\u9898\uff0c\u800c\u4ed6\u81ea\u5df1\u65e0\u6cd5\u7ed9\u51fa\u7b54\u6848\uff0c\u6240\u4ee5\u9700\u8981\u4f60\u7684\u5e2e\u5fd9\u3002\n</p>\n<p style=\"text-align:center;\">\n\t<img src=\"http://tk.hustoj.com:80/attached/image/20140113/20140113155626_14187.jpg\" alt=\"\" /> \n</p>\n<p style=\"text-align:left;\">\n\t\u5b81\u5b81\u8003\u8651\u7684\u662f\u8fd9\u6837\u4e00\u4e2a\u95ee\u9898\uff1a\u4e00\u4e2a\u64cd\u4f5c\u6570\u5e8f\u5217\uff0c\u4ece1\uff0c2\uff0c\u4e00\u76f4\u5230n\uff08\u56fe\u793a\u4e3a1\u52303\u7684\u60c5\u51b5\uff09\uff0c\u6808A\u7684\u6df1\u5ea6\u5927\u4e8en\u3002\n</p>\n<p style=\"text-align:left;\">\n\t\u73b0\u5728\u53ef\u4ee5\u8fdb\u884c\u4e24\u79cd\u64cd\u4f5c\uff1a\n</p>\n<p style=\"text-align:left;\">\n\t1. \u5c06\u4e00\u4e2a\u6570\uff0c\u4ece\u64cd\u4f5c\u6570\u5e8f\u5217\u7684\u5934\u7aef\u79fb\u5230\u6808\u7684\u5934\u7aef\uff08\u5bf9\u5e94\u6570\u636e\u7ed3\u6784\u6808\u7684push\u64cd\u4f5c\uff09<br />\n2. \u5c06\u4e00\u4e2a\u6570\uff0c\u4ece\u6808\u7684\u5934\u7aef\u79fb\u5230\u8f93\u51fa\u5e8f\u5217\u7684\u5c3e\u7aef\uff08\u5bf9\u5e94\u6570\u636e\u7ed3\u6784\u6808\u7684pop\u64cd\u4f5c\uff09\n</p>\n<p style=\"text-align:left;\">\n\t\u4f7f\u7528\u8fd9\u4e24\u79cd\u64cd\u4f5c\uff0c\u7531\u4e00\u4e2a\u64cd\u4f5c\u6570\u5e8f\u5217\u5c31\u53ef\u4ee5\u5f97\u5230\u4e00\u7cfb\u5217\u7684\u8f93\u51fa\u5e8f\u5217\uff0c\u4e0b\u56fe\u6240\u793a\u4e3a\u75311 2 3\u751f\u6210\u5e8f\u52172 3 1\u7684\u8fc7\u7a0b\u3002\uff08\u539f\u59cb\u72b6\u6001\u5982\u4e0a\u56fe\u6240\u793a\uff09\n</p>\n<p style=\"text-align:center;\">\n\t<img src=\"http://tk.hustoj.com:80/attached/image/20140113/20140113155755_78240.jpg\" alt=\"\" /> \n</p>\n<p style=\"text-align:left;\">\n\t\u4f60\u7684\u7a0b\u5e8f\u5c06\u5bf9\u7ed9\u5b9a\u7684n\uff0c\u8ba1\u7b97\u5e76\u8f93\u51fa\u7531\u64cd\u4f5c\u6570\u5e8f\u52171\uff0c2\uff0c...\uff0cn\u7ecf\u8fc7\u64cd\u4f5c\u53ef\u80fd\u5f97\u5230\u7684\u8f93\u51fa\u5e8f\u5217\u7684\u603b\u6570\u3002\n</p>\n<p style=\"text-align:left;\">\n\t<br />\n</p>"
    },
    "tags": [
        "FATE_YO"
    ],
    "input_description": {
        "format": "html",
        "value": "<p>\n\t\u8f93\u5165\u53ea\u542b\u4e00\u4e2a\u6574\u6570n\uff081\u2264n\u226418\uff09\u3002\n</p>\n<p>\n\t<br />\n</p>"
    },
    "output_description": {
        "format": "html",
        "value": "<p>\n\t\u8f93\u51fa\u53ea\u6709\u4e00\u884c\uff0c\u5373\u53ef\u80fd\u8f93\u51fa\u5e8f\u5217\u7684\u603b\u6570\u76ee\u3002\n</p>\n<p>\n\t<br />\n</p>"
    },
    "test_case_score": [
        {
            "score": 100,
            "input_name": "1.in",
            "output_name": "1.out"
        }
    ],
    "hint": {
        "format": "html",
        "value": ""
    },
    "time_limit": 1000,
    "memory_limit": 256,
    "samples": [
        {
            "input": "3",
            "output": "5"
        }
    ],
    "template": {},
    "spj": null,
    "rule_type": "ACM",
    "source": "FATE_YO",
    "answers": []
}