{
    "display_id": 1195,
    "title": "\u6392\u540d",
    "description": {
        "format": "html",
        "value": "<p class=\"p0\">\n\t<span style=\"color:#333333;font-size:10.5pt;font-family:\u5fae\u8f6f\u96c5\u9ed1;\">\u4eca\u5929\u7684\u4e0a\u673a\u8003\u8bd5\u867d\u7136\u6709\u5b9e\u65f6\u7684Ranklist\uff0c\u4f46\u4e0a\u9762\u7684\u6392\u540d\u53ea\u662f\u6839\u636e\u5b8c\u6210\u7684\u9898\u6570\u6392\u5e8f\uff0c\u6ca1\u6709\u8003\u8651\u6bcf\u9898\u7684\u5206\u503c\uff0c\u6240\u4ee5\u5e76\u4e0d\u662f\u6700\u540e\u7684\u6392\u540d\u3002\u7ed9\u5b9a\u5f55\u53d6\u5206\u6570\u7ebf\uff0c\u8bf7\u4f60\u5199\u7a0b\u5e8f\u627e\u51fa\u6700\u540e\u901a\u8fc7\u5206\u6570\u7ebf\u7684\u8003\u751f\uff0c\u5e76\u5c06\u4ed6\u4eec\u7684\u6210\u7ee9\u6309\u964d\u5e8f\u6253\u5370\u3002</span> \n</p>"
    },
    "tags": [
        "FATE_YO"
    ],
    "input_description": {
        "format": "html",
        "value": "<p class=\"p0\">\n\t<span style=\"color:#333333;font-size:10.5pt;font-family:\u5fae\u8f6f\u96c5\u9ed1;\">\u6d4b\u8bd5\u8f93\u5165\u5305\u542b\u82e5\u5e72\u573a\u8003\u8bd5\u7684\u4fe1\u606f\u3002\u6bcf\u573a\u8003\u8bd5\u4fe1\u606f\u7684\u7b2c1\u884c\u7ed9\u51fa\u8003\u751f\u4eba\u6570N&nbsp;(&nbsp;0&nbsp;&lt;&nbsp;N&nbsp;&lt;&nbsp;1000&nbsp;)\u3001\u8003\u9898\u6570M&nbsp;(&nbsp;0&nbsp;&lt;&nbsp;M&nbsp;&lt;&nbsp;=&nbsp;10&nbsp;)\u3001\u5206\u6570\u7ebf\uff08\u6b63\u6574\u6570\uff09G\uff1b\u7b2c2\u884c\u6392\u5e8f\u7ed9\u51fa\u7b2c1\u9898\u81f3\u7b2cM\u9898\u7684\u6b63\u6574\u6570\u5206\u503c\uff1b\u4ee5\u4e0bN\u884c\uff0c\u6bcf\u884c\u7ed9\u51fa\u4e00\u540d\u8003\u751f\u7684\u51c6\u8003\u8bc1\u53f7\uff08\u957f\u5ea6\u4e0d\u8d85\u8fc720\u7684\u5b57\u7b26\u4e32\uff09\u3001\u8be5\u751f\u89e3\u51b3\u7684\u9898\u76ee\u603b\u6570m\u3001\u4ee5\u53ca\u8fd9m\u9053\u9898\u7684\u9898\u53f7\uff08\u9898\u76ee\u53f7\u75311\u5230M\uff09\u3002&nbsp;</span><span style=\"color:#333333;font-size:10.5pt;font-family:\u5fae\u8f6f\u96c5\u9ed1;\"><br />\n</span><span style=\"color:#333333;font-size:10.5pt;font-family:\u5fae\u8f6f\u96c5\u9ed1;\">\u5f53\u8bfb\u5165\u7684\u8003\u751f\u4eba\u6570\u4e3a0\u65f6\uff0c\u8f93\u5165\u7ed3\u675f\uff0c\u8be5\u573a\u8003\u8bd5\u4e0d\u4e88\u5904\u7406\u3002</span> \n</p>"
    },
    "output_description": {
        "format": "html",
        "value": "<p class=\"p0\">\n\t<span style=\"color:#333333;font-size:10.5pt;font-family:\u5fae\u8f6f\u96c5\u9ed1;\">\u5bf9\u6bcf\u573a\u8003\u8bd5\uff0c\u9996\u5148\u5728\u7b2c1\u884c\u8f93\u51fa\u4e0d\u4f4e\u4e8e\u5206\u6570\u7ebf\u7684\u8003\u751f\u4eba\u6570n\uff0c\u968f\u540en\u884c\u6309\u5206\u6570\u4ece\u9ad8\u5230\u4f4e\u8f93\u51fa\u4e0a\u7ebf\u8003\u751f\u7684\u8003\u53f7\u4e0e\u5206\u6570\uff0c\u5176\u95f4\u75281\u7a7a\u683c\u5206\u9694\u3002\u82e5\u6709\u591a\u540d\u8003\u751f\u5206\u6570\u76f8\u540c\uff0c\u5219\u6309\u4ed6\u4eec\u8003\u53f7\u7684\u5347\u5e8f\u8f93\u51fa\u3002</span> \n</p>"
    },
    "test_case_score": [
        {
            "score": 100,
            "input_name": "1.in",
            "output_name": "1.out"
        }
    ],
    "hint": {
        "format": "html",
        "value": "<div class=\"Section0\">\n\t<p class=\"p0\">\n\t\t<span style=\"font-size:10.5000pt;font-family:'\u5b8b\u4f53';\">\u8fd9\u9898\u6bd4\u8f83\u7b80\u5355\uff0c\u8ba1\u7b97\u597d\u6bcf\u4e2a\u4eba\u7684\u5206\u6570\u540e\u6309\u9898\u76ee\u8981\u6c42\u6392\u5e8f\u5373\u53ef\u3002</span>\n\t</p>\n</div>"
    },
    "time_limit": 1000,
    "memory_limit": 256,
    "samples": [
        {
            "input": "3 5 32\n17 10 12 9 15\nCS22003 5 1 2 3 4 5\nCS22004 3 5 1 3\nCS22002 2 1 5\n0",
            "output": "3\nCS22003 63\nCS22004 44\nCS22002 32"
        }
    ],
    "template": {},
    "spj": null,
    "rule_type": "ACM",
    "source": "FATE_YO",
    "answers": []
}