{
    "display_id": 1109,
    "title": "\u3010\u5faa\u73af\u3011\u4fa6\u5bdf\u961f\u957f\u9009\u4eba\uff08select\uff09",
    "description": {
        "format": "html",
        "value": "<!--[if gte mso 9]>Normal07.8 \u78c502falsefalsefalseMicrosoftInternetExplorer4<![endif]-->\n<p style=\"margin-left:18.0pt;text-indent:0cm;\" class=\"MsoNormal\">\n\t<span style=\"font-size:medium;\"><span style=\"font-family:\u5b8b\u4f53;\">\u67d0\u4fa6\u5bdf\u961f\u957f\u63a5\u5230\u4e00\u9879\u7d27\u6025\u4efb\u52a1\uff0c\u8981\u4ed6\u5728\u4ee3\u53f7\u4e3a<span>A</span>\u3001<span>B</span>\u3001<span>C</span>\u3001<span>D</span>\u3001<span>E</span>\u3001<span>F</span>\u7684\u516d\u4e2a\u961f\u5458\u4e2d\u9009\u51fa\u82e5\u5e72\u4eba\u53bb\u4fa6\u7834\u4e00\u4ef6\u6848\u5b50\u3002\u4eba\u9009\u7684\u914d\u5907\u5fc5\u987b\u5c0a\u7167\u4e0b\u5217\u5404\u70b9\uff1a</span></span> \n</p>\n<p style=\"margin-left:18.0pt;text-indent:0cm;\" class=\"MsoNormal\">\n\t<span style=\"font-size:medium;\"><span style=\"font-family:\u5b8b\u4f53;\">\uff08<span>1</span>\uff09<span>A</span>\u3001<span>B</span>\u4e24\u4eba\u4e2d\u81f3\u5c11\u53bb\u4e00\u4eba\uff1b</span></span> \n</p>\n<p style=\"margin-left:18.0pt;text-indent:0cm;\" class=\"MsoNormal\">\n\t<span style=\"font-size:medium;\"><span style=\"font-family:\u5b8b\u4f53;\">\uff08<span>2</span>\uff09<span>A</span>\u3001<span>D</span>\u4e0d\u80fd\u4e00\u8d77\u53bb\uff1b</span></span> \n</p>\n<p style=\"margin-left:18.0pt;text-indent:0cm;\" class=\"MsoNormal\">\n\t<span style=\"font-size:medium;\"><span style=\"font-family:\u5b8b\u4f53;\">\uff08<span>3</span>\uff09<span>A</span>\u3001<span>E</span>\u3001<span>F</span>\u4e09\u4eba\u4e2d\u8981\u6d3e\u4e24\u4eba\u53bb\uff1b</span></span> \n</p>\n<p style=\"margin-left:18.0pt;text-indent:0cm;\" class=\"MsoNormal\">\n\t<span style=\"font-size:medium;\"><span style=\"font-family:\u5b8b\u4f53;\">\uff08<span>4</span>\uff09<span>B</span>\u3001<span>C</span>\u4e24\u4eba\u90fd\u53bb\u6216\u90fd\u4e0d\u53bb\uff1b</span></span> \n</p>\n<p style=\"margin-left:18.0pt;text-indent:0cm;\" class=\"MsoNormal\">\n\t<span style=\"font-size:medium;\"><span style=\"font-family:\u5b8b\u4f53;\">\uff08<span>5</span>\uff09<span>C</span>\u3001<span>D</span>\u4e24\u4eba\u4e2d\u53bb\u4e00\u4eba\uff1b</span></span> \n</p>\n<p style=\"margin-left:18.0pt;text-indent:0cm;\" class=\"MsoNormal\">\n\t<span style=\"font-size:medium;\"><span style=\"font-family:\u5b8b\u4f53;\">\uff08<span>6</span>\uff09\u82e5<span>D</span>\u4e0d\u53bb\uff0c\u5219<span>F</span>\u4e5f\u4e0d\u53bb\u3002</span></span> \n</p>\n<p style=\"margin-left:18.0pt;text-indent:0cm;\" class=\"MsoNormal\">\n\t<span style=\"font-size:medium;\"><span style=\"font-family:\u5b8b\u4f53;\">\u8bf7\u95ee\u5e94\u8be5\u8ba9\u54ea\u4e9b\u4eba\u53bb\uff1f</span></span> \n</p>\n<!--[if gte mso 9]><![endif]--><!--[if gte mso 10]>\n<![endif]-->"
    },
    "tags": [
        "FATE_YO"
    ],
    "input_description": {
        "format": "html",
        "value": "<p>\n\t<span style=\"font-size:medium;\">\u65e0\u3002</span> \n</p>"
    },
    "output_description": {
        "format": "html",
        "value": "<p>\n\t<span style=\"font-size:medium;\">\u6267\u884c\u4efb\u52a1\u7684\u961f\u5458\u4ee3\u53f7\uff08<span style=\"font-family:\u5b8b\u4f53;\"><span>A</span>\u3001<span>B</span>\u3001<span>C</span>\u3001<span>D</span>\u3001<span>E</span>\u3001<span>F\u8868\u793a\uff09\uff0c\u4e2d\u95f4\u7528\u4e00\u4e2a\u7a7a\u683c\u5206\u9694\u3002</span></span></span><span style=\"font-size:medium;\"><span style=\"font-family:\u5b8b\u4f53;\"><span><br />\n</span></span></span> \n</p>"
    },
    "test_case_score": [
        {
            "score": 100,
            "input_name": "1.in",
            "output_name": "1.out"
        }
    ],
    "hint": {
        "format": "html",
        "value": ""
    },
    "time_limit": 1000,
    "memory_limit": 256,
    "samples": [
        {
            "input": "\u65e0",
            "output": "\u65e0"
        }
    ],
    "template": {},
    "spj": null,
    "rule_type": "ACM",
    "source": "FATE_YO",
    "answers": []
}