{
    "display_id": 1042,
    "title": "\u3010C\u8bed\u8a00\u8bad\u7ec3\u3011\u5217\u51fa\u6700\u7b80\u771f\u5206\u6570\u5e8f\u5217*",
    "description": {
        "format": "html",
        "value": "<p>\n\t<span>\u6309\u9012\u589e\u987a\u5e8f\u4f9d\u6b21\u5217\u51fa\u6240\u6709\u5206\u6bcd\u4e3a40\uff0c\u5206\u5b50\u5c0f\u4e8e40\u7684\u6700\u7b80\u5206\u6570\u3002</span>\n</p>"
    },
    "tags": [
        "FATE_YO"
    ],
    "input_description": {
        "format": "html",
        "value": "\u65e0"
    },
    "output_description": {
        "format": "html",
        "value": "<p>\n\t<span>\u5206\u6570\u4e4b\u95f4\u7528\u9017\u53f7\u5206\u5f00(\u542b\u6700\u672b\u9017\u53f7)</span>\n</p>"
    },
    "test_case_score": [
        {
            "score": 100,
            "input_name": "1.in",
            "output_name": "1.out"
        }
    ],
    "hint": {
        "format": "html",
        "value": "<p>\n\t<span>\u5bf9\u5206\u5b50\u91c7\u7528\u7a77\u4e3e\u6cd5\uff0c\u5229\u7528\u6700\u5927\u516c\u7ea6\u6570\u7684\u65b9\u6cd5\uff0c\u5224\u65ad\u5206\u5b50\u4e0e40\u662f\u5426\u6784\u6210\u771f\u5206\u6570\u3002</span>\n</p>"
    },
    "time_limit": 1000,
    "memory_limit": 256,
    "samples": [
        {
            "input": "no input needed",
            "output": "1/40,3/40,7/40,9/40,11/40,13/40,17/40,19/40,21/40,23/40,27/40,29/40,31/40,33/40,37/40,39/40,"
        }
    ],
    "template": {},
    "spj": null,
    "rule_type": "ACM",
    "source": "FATE_YO",
    "answers": []
}