{
    "display_id": 1117,
    "title": "\u7edf\u8ba1100\u5206\u4eba\u6570",
    "description": {
        "format": "html",
        "value": "<span style=\"font-family:\u5b8b\u4f53;font-size:12pt;\">\u7edf\u8ba1</span><span style=\"font-family:'Times New Roman';font-size:12pt;\">15</span><span style=\"font-family:\u5b8b\u4f53;font-size:12pt;\">\u4e2a\u540c\u5b66\u7684\u6210\u7ee9</span><span style=\"font-family:'Times New Roman';font-size:12pt;\">100</span><span style=\"font-family:\u5b8b\u4f53;font-size:12pt;\">\u5206\u7684\u4eba\u6570\uff01</span>"
    },
    "tags": [
        "FATE_YO"
    ],
    "input_description": {
        "format": "html",
        "value": "15\u4e2a\u6574\u6570"
    },
    "output_description": {
        "format": "html",
        "value": "\u4e00\u4e2a\u6574\u6570"
    },
    "test_case_score": [
        {
            "score": 100,
            "input_name": "1.in",
            "output_name": "1.out"
        }
    ],
    "hint": {
        "format": "html",
        "value": ""
    },
    "time_limit": 1000,
    "memory_limit": 256,
    "samples": [
        {
            "input": "100 90 80 100 70 100 60 45 89 100 100 60 100 78 100",
            "output": "7"
        }
    ],
    "template": {},
    "spj": null,
    "rule_type": "ACM",
    "source": "FATE_YO",
    "answers": []
}