{
    "display_id": 1193,
    "title": "\u519c\u592b\u3001\u7f8a\u3001\u83dc\u548c\u72fc\u7684\u6545\u4e8b",
    "description": {
        "format": "html",
        "value": "<p>\n\t<br />\n</p>\n<p>\n\t\u6709\u4e00\u4e2a\u519c\u592b\u5e26\u4e00\u53ea\u7f8a\u3001\u4e00\u7b50\u83dc\u548c\u4e00\u53ea\u72fc\u8fc7\u6cb3\u3002<br />\n\u5982\u679c\u6ca1\u6709\u519c\u592b\u770b\u7ba1\uff0c\u5219\u72fc\u8981\u5403\u7f8a\uff0c\u7f8a\u8981\u5403\u83dc\u3002<br />\n\u4f46\u662f\u8239\u5f88\u5c0f\uff0c\u53ea\u591f\u519c\u592b\u5e26\u4e00\u6837\u4e1c\u897f\u8fc7\u6cb3\u3002<br />\n\u95ee\u519c\u592b\u8be5\u5982\u4f55\u89e3\u6b64\u96be\u9898\uff1f\n</p>\n<p>\n\t<br />\n</p>"
    },
    "tags": [
        "FATE_YO"
    ],
    "input_description": {
        "format": "html",
        "value": "<p>\n\t<br />\n</p>\n<p>\n\t\u9898\u76ee\u6ca1\u6709\u4efb\u4f55\u8f93\u5165\u3002\n</p>\n<p>\n\t<br />\n</p>"
    },
    "output_description": {
        "format": "html",
        "value": "<p>\n\t<br />\n</p>\n<p>\n\t\u9898\u76ee\u53ef\u80fd\u6709\u79cd\u89e3\u51b3\u65b9\u6cd5\uff0c\u6c42\u51fa\u6b65\u9aa4\u6700\u5c11\u7684\u89e3\u51b3\u65b9\u6cd5\uff0c<br />\n\u6309\u987a\u5e8f\u8f93\u51fa\u519c\u592b\u60f3\u628a\u7f8a\u3001\u83dc\u3001\u72fc\u5168\u90e8\u8fd0\u8fc7\u6cb3\u9700\u8981\u54ea\u51e0\u4e2a\u6b65\u9aa4\u3002<br />\n\u5982\u679c\u9700\u8981\u5c06\u7f8a\u5e26\u8fc7\u6cb3\u53bb\u5219\u8f93\u51fa\u201csheep_go\u201d\u3002<br />\n\u5982\u679c\u9700\u8981\u5c06\u7f8a\u5e26\u56de\u6765\u5219\u8f93\u51fa\u201csheep_come\u201d\u3002<br />\n\u5982\u679c\u9700\u8981\u5c06\u83dc\u5e26\u8fc7\u6cb3\u53bb\u5219\u8f93\u51fa\u201cvegetable_go\u201d\u3002<br />\n\u5982\u679c\u9700\u8981\u5c06\u83dc\u5e26\u56de\u6765\u5219\u8f93\u51fa\u201cvegetable_come\u201d\u3002<br />\n\u5982\u679c\u9700\u8981\u5c06\u72fc\u5e26\u8fc7\u6cb3\u53bb\u5219\u8f93\u51fa\u201cwolf_go\u201d\u3002<br />\n\u5982\u679c\u9700\u8981\u5c06\u72fc\u5e26\u56de\u6765\u5219\u8f93\u51fa\u201cwolf_come\u201d\u3002<br />\n\u5982\u679c\u9700\u8981\u7a7a\u624b\u8fd4\u56de\u5219\u8f93\u51fa\u201cnothing_come\u201d\u3002<br />\n\u5982\u679c\u9700\u8981\u7a7a\u624b\u8fc7\u6cb3\u5219\u8f93\u51fa\u201cnothing_go\u201d\u3002<br />\n\u6bcf\u8f93\u51fa\u4e00\u79cd\u65b9\u6848\uff0c\u8f93\u51fa\u4e00\u884c\u201csucceed\u201d\u3002\n</p>\n<p>\n\t<br />\n</p>"
    },
    "test_case_score": [
        {
            "score": 100,
            "input_name": "1.in",
            "output_name": "1.out"
        }
    ],
    "hint": {
        "format": "html",
        "value": ""
    },
    "time_limit": 1000,
    "memory_limit": 256,
    "samples": [
        {
            "input": "\u65e0",
            "output": "\u65e0"
        }
    ],
    "template": {},
    "spj": null,
    "rule_type": "ACM",
    "source": "FATE_YO",
    "answers": []
}