{
    "display_id": 1112,
    "title": "\u8ba1\u6570\u6392\u5e8f",
    "description": {
        "format": "html",
        "value": "<span style=\"font-family:'Microsoft Yahei';font-size:14px;line-height:28px;background-color:#F5F5F5;\">\u8f93\u5165n\u4e2a\u6574\u6570(n&lt;=5000)\uff0c\u4ece\u5c0f\u5230\u5927\u8f93\u51fa\u3002\uff08\u4f7f\u7528\u8ba1\u6570\u6392\u5e8f\uff09</span>"
    },
    "tags": [
        "FATE_YO"
    ],
    "input_description": {
        "format": "html",
        "value": "\u65e0"
    },
    "output_description": {
        "format": "html",
        "value": "\u65e0"
    },
    "test_case_score": [
        {
            "score": 100,
            "input_name": "1.in",
            "output_name": "1.out"
        }
    ],
    "hint": {
        "format": "html",
        "value": ""
    },
    "time_limit": 1000,
    "memory_limit": 256,
    "samples": [
        {
            "input": "\u65e0",
            "output": "\u65e0"
        }
    ],
    "template": {},
    "spj": null,
    "rule_type": "ACM",
    "source": "FATE_YO",
    "answers": []
}