{
    "display_id": 1125,
    "title": "C\u8bed\u8a00\u7a0b\u5e8f\u8bbe\u8ba1\u6559\u7a0b\uff08\u7b2c\u4e09\u7248\uff09\u8bfe\u540e\u4e60\u98987.5",
    "description": {
        "format": "html",
        "value": "\u8f93\u516510\u4e2a\u6570\u5b57\uff0c\u7136\u540e\u9006\u5e8f\u8f93\u51fa\u3002"
    },
    "tags": [
        "FATE_YO"
    ],
    "input_description": {
        "format": "html",
        "value": "\u5341\u4e2a\u6574\u6570"
    },
    "output_description": {
        "format": "html",
        "value": "\u9006\u5e8f\u8f93\u51fa\uff0c\u7a7a\u683c\u5206\u5f00"
    },
    "test_case_score": [
        {
            "score": 100,
            "input_name": "1.in",
            "output_name": "1.out"
        }
    ],
    "hint": {
        "format": "html",
        "value": "\u6570\u7ec4\uff1f\u5806\u6808\uff1f"
    },
    "time_limit": 1000,
    "memory_limit": 256,
    "samples": [
        {
            "input": "1 2 3 4 5 6 7 8 9 0",
            "output": "0 9 8 7 6 5 4 3 2 1"
        }
    ],
    "template": {},
    "spj": null,
    "rule_type": "ACM",
    "source": "FATE_YO",
    "answers": []
}