{
    "display_id": 1156,
    "title": "C\u8bed\u8a00\u7a0b\u5e8f\u8bbe\u8ba1\u6559\u7a0b\uff08\u7b2c\u4e09\u7248\uff09\u8bfe\u540e\u4e60\u98988.5",
    "description": {
        "format": "html",
        "value": "\u5199\u4e00\u51fd\u6570inverse\uff0c\u4f7f\u8f93\u5165\u7684\u4e00\u4e2a\u5b57\u7b26\u4e32\u6309\u53cd\u5e8f\u5b58\u653e\uff0c\u5728\u4e3b\u51fd\u6570\u4e2d\u8f93\u5165\u8f93\u51fa\u53cd\u5e8f\u540e\u7684\u5b57\u7b26\u4e32\u3002"
    },
    "tags": [
        "FATE_YO"
    ],
    "input_description": {
        "format": "html",
        "value": "\u4e00\u884c\u5b57\u7b26"
    },
    "output_description": {
        "format": "html",
        "value": "\u9006\u5e8f\u540e\u7684\u5b57\u7b26\u4e32"
    },
    "test_case_score": [
        {
            "score": 100,
            "input_name": "1.in",
            "output_name": "1.out"
        }
    ],
    "hint": {
        "format": "html",
        "value": "\u6837\u4f8b\u8f93\u5165\u5b57\u7b26\u4e32\u7ed3\u5c3e\u6709\u7a7a\u683c\uff0c\u800c\u8f93\u51fa\u6ca1\u6709\u7a7a\u683c\u3002\u53e6\u5916\uff0c\u6d4b\u8bd5\u6570\u636e\u7684\u5b57\u7b26\u4e32\u4e2d\u95f4\u4e0d\u4f1a\u6709\u7a7a\u683c\u3002"
    },
    "time_limit": 1000,
    "memory_limit": 256,
    "samples": [
        {
            "input": "123456abcdef",
            "output": "fedcba654321"
        }
    ],
    "template": {},
    "spj": null,
    "rule_type": "ACM",
    "source": "FATE_YO",
    "answers": []
}