{
    "display_id": 1139,
    "title": "\u9001\u5206\u9898\u7d20\u6570",
    "description": {
        "format": "html",
        "value": "<p><span style=\"color: rgb(0, 0, 0); font-family: 'Times New Roman'; font-style: normal; font-variant: normal; font-weight: normal; letter-spacing: normal; line-height: normal; orphans: 2; text-align: -webkit-auto; text-indent: 0px; text-transform: none; white-space: normal; widows: 2; word-spacing: 0px; -webkit-text-decorations-in-effect: none; -webkit-text-size-adjust: auto; -webkit-text-stroke-width: 0px; font-size: medium; \" class=\"Apple-style-span\">\u8f93\u51fa100-&gt;200\u4e4b\u95f4\u7684\u7d20\u6570\u7684\u4e2a\u6570\uff0c\u4ee5\u53ca\u6240\u6709\u7684\u7d20\u6570\u3002</span></p>"
    },
    "tags": [
        "FATE_YO"
    ],
    "input_description": {
        "format": "html",
        "value": "\u65e0"
    },
    "output_description": {
        "format": "html",
        "value": "<p><span style=\"color: rgb(0, 0, 0); font-family: 'Times New Roman'; font-style: normal; font-variant: normal; font-weight: normal; letter-spacing: normal; line-height: normal; orphans: 2; text-align: -webkit-auto; text-indent: 0px; text-transform: none; white-space: normal; widows: 2; word-spacing: 0px; -webkit-text-decorations-in-effect: none; -webkit-text-size-adjust: auto; -webkit-text-stroke-width: 0px; font-size: medium; \" class=\"Apple-style-span\">100-&gt;200\u4e4b\u95f4\u7684\u7d20\u6570\u7684\u4e2a\u6570\uff0c\u4ee5\u53ca\u6240\u6709\u7684\u7d20\u6570\u3002</span></p>"
    },
    "test_case_score": [
        {
            "score": 100,
            "input_name": "1.in",
            "output_name": "1.out"
        }
    ],
    "hint": {
        "format": "html",
        "value": ""
    },
    "time_limit": 1000,
    "memory_limit": 256,
    "samples": [
        {
            "input": "no input needed",
            "output": "21\n101 103 ... 197 199"
        }
    ],
    "template": {},
    "spj": null,
    "rule_type": "ACM",
    "source": "FATE_YO",
    "answers": []
}