{
    "display_id": 1063,
    "title": "\u53d1\u5de5\u8d44\u54af",
    "description": {
        "format": "html",
        "value": "<p><font face=\"Times New Roman\">\u4f5c\u4e3a\u5409\u5927\u7684\u8001\u5e08\uff0c\u6700\u76fc\u671b\u7684\u65e5\u5b50\u5c31\u662f\u6bcf\u6708\u76849\u53f7\u4e86\uff0c\u56e0\u4e3a\u8fd9\u4e00\u5929\u662f\u53d1\u5de5\u8d44\u7684\u65e5\u5b50\uff0c\u517b\u5bb6\u7cca\u53e3\u5c31\u9760\u5b83\u4e86\uff0c\u5475\u5475 <br />\n\u4f46\u662f\u5bf9\u4e8e\u5b66\u6821\u8d22\u52a1\u5904\u7684\u5de5\u4f5c\u4eba\u5458\u6765\u8bf4\uff0c\u8fd9\u4e00\u5929\u5219\u662f\u5f88\u5fd9\u788c\u7684\u4e00\u5929\uff0c\u8d22\u52a1\u5904\u7684\u5c0f\u80e1\u8001\u5e08\u6700\u8fd1\u5c31\u5728\u8003\u8651\u4e00\u4e2a\u95ee\u9898\uff1a\u5982\u679c\u6bcf\u4e2a\u8001\u5e08\u7684\u5de5\u8d44\u989d\u90fd\u77e5\u9053\uff0c\u6700\u5c11\u9700\u8981\u51c6\u5907\u591a\u5c11\u5f20\u4eba\u6c11\u5e01\uff0c\u624d\u80fd\u5728\u7ed9\u6bcf\u4f4d\u8001\u5e08\u53d1\u5de5\u8d44\u7684\u65f6\u5019\u90fd\u4e0d\u7528\u8001\u5e08\u627e\u96f6\u5462\uff1f <br />\n\u8fd9\u91cc\u5047\u8bbe\u8001\u5e08\u7684\u5de5\u8d44\u90fd\u662f\u6b63\u6574\u6570\uff0c\u5355\u4f4d\u5143\uff0c\u4eba\u6c11\u5e01\u4e00\u5171\u6709100\u5143\u300150\u5143\u300110\u5143\u30015\u5143\u30012\u5143\u548c1\u5143\u516d\u79cd\u3002</font></p>"
    },
    "tags": [
        "FATE_YO"
    ],
    "input_description": {
        "format": "html",
        "value": "<p><font face=\"Times New Roman\">\u8f93\u5165\u6570\u636e\u5305\u542b\u591a\u4e2a\u6d4b\u8bd5\u5b9e\u4f8b\uff0c\u6bcf\u4e2a\u6d4b\u8bd5\u5b9e\u4f8b\u7684\u7b2c\u4e00\u884c\u662f\u4e00\u4e2a\u6574\u6570n\uff08n&lt;100\uff09\uff0c\u8868\u793a\u8001\u5e08\u7684\u4eba\u6570\uff0c\u7136\u540e\u662fn\u4e2a\u8001\u5e08\u7684\u5de5\u8d44\u3002 <br />\nn=0\u8868\u793a\u8f93\u5165\u7684\u7ed3\u675f\uff0c\u4e0d\u505a\u5904\u7406\u3002</font></p>"
    },
    "output_description": {
        "format": "html",
        "value": "<p><font face=\"Times New Roman\">\u5bf9\u4e8e\u6bcf\u4e2a\u6d4b\u8bd5\u5b9e\u4f8b\u8f93\u51fa\u4e00\u4e2a\u6574\u6570x,\u8868\u793a\u81f3\u5c11\u9700\u8981\u51c6\u5907\u7684\u4eba\u6c11\u5e01\u5f20\u6570\u3002\u6bcf\u4e2a\u8f93\u51fa\u5360\u4e00\u884c\u3002</font></p>"
    },
    "test_case_score": [
        {
            "score": 100,
            "input_name": "1.in",
            "output_name": "1.out"
        }
    ],
    "hint": {
        "format": "html",
        "value": ""
    },
    "time_limit": 1000,
    "memory_limit": 256,
    "samples": [
        {
            "input": "3 1 2 3\n0",
            "output": "4"
        }
    ],
    "template": {},
    "spj": null,
    "rule_type": "ACM",
    "source": "FATE_YO",
    "answers": []
}