{
    "display_id": 1143,
    "title": "\u7b7e\u5230\u9898",
    "description": {
        "format": "html",
        "value": "<span style=\"font-family:Verdana, Arial, Helvetica, sans-serif;font-size:14px;line-height:19.6000003814697px;\">\u6316\u6398\u673a\u6280\u672f\u54ea\u5bb6\u5f3a\uff1f\u4e2d\u56fd\u5c71\u4e1c\u627eXX\u3002</span><br />\n<span style=\"font-family:Verdana, Arial, Helvetica, sans-serif;font-size:14px;line-height:19.6000003814697px;\">\u90a3\u4e48\u95ee\u9898\u6765\u4e86\uff0c\u8f6f\u4ef6\u6280\u672f\u54ea\u91cc\u5b66\uff1f</span>"
    },
    "tags": [
        "FATE_YO"
    ],
    "input_description": {
        "format": "html",
        "value": "<span style=\"font-family:Verdana, Arial, Helvetica, sans-serif;font-size:14px;line-height:19.6000003814697px;\">\u6ca1\u6709\u8f93\u5165\u3002</span>"
    },
    "output_description": {
        "format": "html",
        "value": "<span style=\"font-family:Verdana, Arial, Helvetica, sans-serif;font-size:14px;line-height:19.6000003814697px;\">\u6b4c\u9882\u4e00\u4e0b\u5b66\u6821\u5c31\u597d\uff0c\u7b54\u6848\u80af\u5b9a\u662f\"JXUST\"(\u6ca1\u6709\u5f15\u53f7)\uff0c\u4e0d\u7528\u731c\u4e86\u3002(\u6ce8\u610f\u6362\u884c)</span>"
    },
    "test_case_score": [
        {
            "score": 100,
            "input_name": "1.in",
            "output_name": "1.out"
        }
    ],
    "hint": {
        "format": "html",
        "value": ""
    },
    "time_limit": 1000,
    "memory_limit": 256,
    "samples": [
        {
            "input": "\u6ca1\u6709\u8f93\u5165\u3002",
            "output": "JXUST"
        }
    ],
    "template": {},
    "spj": null,
    "rule_type": "ACM",
    "source": "FATE_YO",
    "answers": []
}