{
    "display_id": 1077,
    "title": "\u4e0a\u4e0b\u706b\u8f66",
    "description": {
        "format": "html",
        "value": "\u706b\u8f66\u4ece\u59cb\u53d1\u7ad9\uff08\u79f0\u4e3a\u7b2c1\u7ad9\uff09\u5f00\u51fa\uff0c\u5728\u59cb\u53d1\u7ad9\u4e0a\u8f66\u7684\u4eba\u6570\u4e3aa\uff0c\u7136\u540e\u5230\u8fbe\u7b2c2\u7ad9\uff0c\u5728\u7b2c2\u7ad9\u6709\u4eba\u4e0a\u3001\u4e0b\u8f66\uff0c\u4f46\u4e0a\u3001\u4e0b\u8f66\u7684\u4eba\u6570\u76f8\u540c\uff0c\u56e0\u6b64\u5728\u7b2c2\u7ad9\u5f00\u51fa\u65f6\uff08\u5373\u5728\u5230\u8fbe\u7b2c3\u7ad9\u4e4b\u524d\uff09\u8f66\u4e0a\u7684\u4eba\u6570\u4fdd\u6301\u4e3aa\u4eba\u3002\u4ece\u7b2c3\u7ad9\u8d77\uff08\u5305\u62ec\u7b2c3\u7ad9\uff09\u4e0a\u3001\u4e0b\u8f66\u7684\u4eba\u6570\u6709\u4e00\u5b9a\u89c4\u5f8b\uff1a\u4e0a\u8f66\u7684\u4eba\u6570\u90fd\u662f\u524d\u4e24\u7ad9\u4e0a\u8f66\u4eba\u6570\u4e4b\u548c\uff0c\u800c\u4e0b\u8f66\u4eba\u6570\u7b49\u4e8e\u4e0a\u4e00\u7ad9\u4e0a\u8f66\u4eba\u6570\uff0c\u4e00\u76f4\u5230\u7ec8\u70b9\u7ad9\u7684\u524d\u4e00\u7ad9\uff08\u7b2cn-1\u7ad9\uff09\uff0c\u90fd\u6ee1\u8db3\u6b64\u89c4\u5f8b\u3002\u73b0\u7ed9\u51fa\u7684\u6761\u4ef6\u662f\uff1a\u5171\u6709N\u4e2a\u8f66\u7ad9\uff0c\u59cb\u53d1\u7ad9\u4e0a\u8f66\u7684\u4eba\u6570\u4e3aa\uff0c\u6700\u540e\u4e00\u7ad9\u4e0b\u8f66\u7684\u4eba\u6570\u662fm\uff08\u5168\u90e8\u4e0b\u8f66\uff09\u3002\u8bd5\u95eex\u7ad9\u5f00\u51fa\u65f6\u8f66\u4e0a\u7684\u4eba\u6570\u662f\u591a\u5c11\uff1f<br />\n<div>\n\t<br />\n</div>"
    },
    "tags": [
        "FATE_YO"
    ],
    "input_description": {
        "format": "html",
        "value": "<p>\n\t\u6bcf\u4e2a\u6d4b\u8bd5\u6587\u4ef6\u53ea\u5305\u542b\u4e00\u7ec4\u6d4b\u8bd5\u6570\u636e\uff0c\u6bcf\u7ec4\u8f93\u5165\u56db\u4e2a\u6574\u6570a\u3001n\u3001m\u548cx\u3002\n</p>\n<p>\n\t<br />\n</p>"
    },
    "output_description": {
        "format": "html",
        "value": "<p>\n\t\u5bf9\u4e8e\u6bcf\u7ec4\u8f93\u5165\u6570\u636e\uff0c\u8f93\u51fa<span>\u4ecex\u7ad9\u5f00\u51fa\u65f6\u8f66\u4e0a\u7684\u4eba\u6570\u3002</span> \n</p>\n<p>\n\t<span><br />\n</span> \n</p>"
    },
    "test_case_score": [
        {
            "score": 100,
            "input_name": "1.in",
            "output_name": "1.out"
        }
    ],
    "hint": {
        "format": "html",
        "value": ""
    },
    "time_limit": 1000,
    "memory_limit": 256,
    "samples": [
        {
            "input": "5 7 32 4",
            "output": "13"
        }
    ],
    "template": {},
    "spj": null,
    "rule_type": "ACM",
    "source": "FATE_YO",
    "answers": []
}